Date,Sales,Redemptions,Total_Activity
2015-05-01,4,1,5
2015-05-04,75,12,87
2015-05-05,549,537,1086
2015-05-06,1358,989,2347
2015-05-07,2170,1343,3513
2015-05-08,3390,2108,5498
2015-05-09,6145,5604,11749
2015-05-10,3554,3013,6567
2015-05-11,908,395,1303
2015-05-12,3631,512,4143
2015-05-13,1181,643,1824
2015-05-14,2563,1774,4337
2015-05-15,1162,635,1797
2015-05-16,7640,6958,14598
2015-05-17,8249,7089,15338
2015-05-18,9244,7250,16494
2015-05-19,4570,1862,6432
2015-05-20,1518,2776,4294
2015-05-21,2226,1760,3986
2015-05-22,2257,1881,4138
2015-05-23,7058,6401,13459
2015-05-24,9279,8208,17487
2015-05-25,1540,1221,2761
2015-05-26,2997,2345,5342
2015-05-27,2390,1898,4288
2015-05-28,3244,2774,6018
2015-05-29,4663,4221,8884
2015-05-30,3111,3054,6165
2015-05-31,609,406,1015
2015-06-01,1809,1116,2925
2015-06-02,3234,3025,6259
2015-06-03,3977,2719,6696
2015-06-04,3683,3432,7115
2015-06-05,3389,3306,6695
2015-06-06,9082,6200,15282
2015-06-07,8547,8046,16593
2015-06-08,1194,775,1969
2015-06-09,2001,1525,3526
2015-06-10,3192,1858,5050
2015-06-11,7881,3134,11015
2015-06-12,4225,3282,7507
2015-06-13,12871,2017,14888
2015-06-14,2992,9475,12467
2015-06-15,3028,2618,5646
2015-06-16,4889,4761,9650
2015-06-17,5270,4510,9780
2015-06-18,3867,3342,7209
2015-06-19,6818,6514,13332
2015-06-20,15399,4994,20393
2015-06-21,10784,9930,20714
2015-06-22,6535,5741,12276
2015-06-23,4184,7461,11645
2015-06-24,6610,2494,9104
2015-06-25,3890,3352,7242
2015-06-26,9887,580,10467
2015-06-27,1287,8569,9856
2015-06-28,427,318,745
2015-06-29,9389,1008,10397
2015-06-30,2871,1641,4512
2015-07-01,16358,2118,18476
2015-07-02,9679,2239,11918
2015-07-03,11647,2666,14313
2015-07-04,14685,2046,16731
2015-07-05,13781,192,13973
2015-07-06,8552,1615,10167
2015-07-07,2846,2554,5400
2015-07-08,7261,892,8153
2015-07-09,5229,721,5950
2015-07-10,10069,379,10448
2015-07-11,13053,1015,14068
2015-07-12,10713,695,11408
2015-07-13,6768,7315,14083
2015-07-14,2118,1776,3894
2015-07-15,7717,7852,15569
2015-07-16,9427,8481,17908
2015-07-17,1918,2347,4265
2015-07-18,23354,23889,47243
2015-07-19,15297,15934,31231
2015-07-20,9422,9271,18693
2015-07-21,8688,7921,16609
2015-07-22,10504,9770,20274
2015-07-23,10331,9896,20227
2015-07-24,10815,10246,21061
2015-07-25,14306,13836,28142
2015-07-26,18040,17287,35327
2015-07-27,10379,9459,19838
2015-07-28,10721,9257,19978
2015-07-29,10794,9036,19830
2015-07-30,12097,11607,23704
2015-07-31,11871,10616,22487
2015-08-01,16496,16324,32820
2015-08-02,19942,19977,39919
2015-08-03,18080,17762,35842
2015-08-04,6674,5618,12292
2015-08-05,12771,11680,24451
2015-08-06,11267,10566,21833
2015-08-07,12617,11343,23960
2015-08-08,15366,15465,30831
2015-08-09,19605,20055,39660
2015-08-10,3907,3306,7213
2015-08-11,7887,5617,13504
2015-08-12,10758,10466,21224
2015-08-13,12001,10843,22844
2015-08-14,4784,3025,7809
2015-08-15,19155,18982,38137
2015-08-16,21519,21155,42674
2015-08-17,10870,10558,21428
2015-08-18,4289,3700,7989
2015-08-19,11000,10791,21791
2015-08-20,4855,2618,7473
2015-08-21,13105,10123,23228
2015-08-22,19678,20316,39994
2015-08-23,17198,17363,34561
2015-08-24,9149,8368,17517
2015-08-25,6962,6757,13719
2015-08-26,5889,5442,11331
2015-08-27,9479,7267,16746
2015-08-28,11483,10791,22274
2015-08-29,12690,12996,25686
2015-08-30,12840,12902,25742
2015-08-31,8790,8511,17301
2015-09-01,8915,8943,17858
2015-09-02,10550,7473,18023
2015-09-03,7652,6912,14564
2015-09-04,10966,9917,20883
2015-09-05,16276,16295,32571
2015-09-06,19607,19636,39243
2015-09-07,17210,17618,34828
2015-09-08,1514,1319,2833
2015-09-09,1483,1277,2760
2015-09-10,4217,3349,7566
2015-09-11,1937,1830,3767
2015-09-12,1841,1716,3557
2015-09-13,1769,1558,3327
2015-09-14,2642,2383,5025
2015-09-15,2895,2734,5629
2015-09-16,3445,3116,6561
2015-09-17,3501,3328,6829
2015-09-18,3936,3864,7800
2015-09-19,1995,1986,3981
2015-09-20,7907,8272,16179
2015-09-21,1628,1571,3199
2015-09-22,2062,1984,4046
2015-09-23,2758,2565,5323
2015-09-24,2676,2430,5106
2015-09-25,2683,2449,5132
2015-09-26,7565,7325,14890
2015-09-27,7274,7483,14757
2015-09-28,829,765,1594
2015-09-29,496,400,896
2015-09-30,1610,1523,3133
2015-10-01,1713,1660,3373
2015-10-02,1198,1170,2368
2015-10-03,1151,1194,2345
2015-10-04,1687,1646,3333
2015-10-05,675,728,1403
2015-10-06,1036,1098,2134
2015-10-07,1585,1563,3148
2015-10-08,1179,1345,2524
2015-10-09,912,856,1768
2015-10-10,3387,3292,6679
2015-10-11,5500,5489,10989
2015-10-12,5305,5276,10581
2015-10-13,693,737,1430
2015-10-14,650,652,1302
2015-10-15,746,867,1613
2015-10-16,743,766,1509
2015-10-17,1066,1081,2147
2015-10-18,855,804,1659
2015-10-19,784,729,1513
2015-10-20,466,546,1012
2015-10-21,416,350,766
2015-10-22,952,985,1937
2015-10-23,1087,1035,2122
2015-10-24,409,406,815
2015-10-25,1562,1440,3002
2015-10-26,829,805,1634
2015-10-27,725,774,1499
2015-10-28,117,200,317
2015-10-29,446,398,844
2015-10-30,692,637,1329
2015-10-31,950,848,1798
2015-11-01,827,662,1489
2015-11-02,761,571,1332
2015-11-03,1187,1124,2311
2015-11-04,1292,1181,2473
2015-11-05,738,788,1526
2015-11-06,361,419,780
2015-11-07,1046,966,2012
2015-11-08,1362,1290,2652
2015-11-09,649,655,1304
2015-11-10,203,321,524
2015-11-11,371,482,853
2015-11-12,255,296,551
2015-11-13,390,354,744
2015-11-14,637,663,1300
2015-11-15,1064,1009,2073
2015-11-16,432,459,891
2015-11-17,343,329,672
2015-11-18,431,407,838
2015-11-19,338,382,720
2015-11-20,539,503,1042
2015-11-21,329,318,647
2015-11-22,410,385,795
2015-11-23,277,290,567
2015-11-24,269,425,694
2015-11-25,362,422,784
2015-11-26,584,493,1077
2015-11-27,252,242,494
2015-11-28,754,655,1409
2015-11-29,405,317,722
2015-11-30,441,344,785
2015-12-01,351,265,616
2015-12-02,450,384,834
2015-12-03,370,256,626
2015-12-04,338,290,628
2015-12-05,584,577,1161
2015-12-06,309,325,634
2015-12-07,157,229,386
2015-12-08,225,291,516
2015-12-09,408,360,768
2015-12-10,534,383,917
2015-12-11,497,473,970
2015-12-12,352,299,651
2015-12-13,238,238,476
2015-12-14,232,410,642
2015-12-15,377,346,723
2015-12-16,249,275,524
2015-12-17,417,442,859
2015-12-18,354,273,627
2015-12-19,353,322,675
2015-12-20,488,392,880
2015-12-21,292,231,523
2015-12-22,505,335,840
2015-12-23,536,465,1001
2015-12-24,832,688,1520
2015-12-25,806,649,1455
2015-12-26,616,540,1156
2015-12-27,478,452,930
2015-12-28,276,273,549
2015-12-29,245,214,459
2015-12-30,511,482,993
2015-12-31,533,370,903
2016-01-01,451,349,800
2016-01-02,402,332,734
2016-01-03,339,287,626
2016-01-04,277,228,505
2016-01-05,265,298,563
2016-01-06,325,266,591
2016-01-07,1382,262,1644
2016-01-08,270,206,476
2016-01-09,276,240,516
2016-01-10,109,179,288
2016-01-11,264,316,580
2016-01-12,175,197,372
2016-01-13,198,231,429
2016-01-14,262,253,515
2016-01-15,217,188,405
2016-01-16,383,378,761
2016-01-17,178,186,364
2016-01-18,166,213,379
2016-01-19,331,277,608
2016-01-20,179,191,370
2016-01-21,226,200,426
2016-01-22,311,321,632
2016-01-23,478,475,953
2016-01-24,297,282,579
2016-01-25,264,281,545
2016-01-26,1224,347,1571
2016-01-27,383,389,772
2016-01-28,369,311,680
2016-01-29,423,252,675
2016-01-30,732,574,1306
2016-01-31,279,237,516
2016-02-01,433,367,800
2016-02-02,286,278,564
2016-02-03,347,232,579
2016-02-04,275,315,590
2016-02-05,310,282,592
2016-02-06,489,426,915
2016-02-07,594,545,1139
2016-02-08,212,258,470
2016-02-09,261,387,648
2016-02-10,356,270,626
2016-02-11,236,246,482
2016-02-12,242,282,524
2016-02-13,166,167,333
2016-02-14,242,239,481
2016-02-15,349,363,712
2016-02-16,653,227,880
2016-02-17,1754,324,2078
2016-02-18,1979,389,2368
2016-02-19,273,219,492
2016-02-20,639,688,1327
2016-02-21,375,413,788
2016-02-22,282,347,629
2016-02-23,220,319,539
2016-02-24,84,99,183
2016-02-25,159,246,405
2016-02-26,227,371,598
2016-02-27,426,358,784
2016-02-28,812,765,1577
2016-02-29,181,207,388
2016-03-01,188,186,374
2016-03-02,172,270,442
2016-03-03,187,241,428
2016-03-04,268,334,602
2016-03-05,329,351,680
2016-03-06,428,470,898
2016-03-07,332,354,686
2016-03-08,404,400,804
2016-03-09,341,342,683
2016-03-10,159,327,486
2016-03-11,508,655,1163
2016-03-12,2219,2026,4245
2016-03-13,461,423,884
2016-03-14,235,233,468
2016-03-15,318,463,781
2016-03-16,217,199,416
2016-03-17,601,357,958
2016-03-18,471,499,970
2016-03-19,874,970,1844
2016-03-20,597,621,1218
2016-03-21,476,500,976
2016-03-22,294,304,598
2016-03-23,263,187,450
2016-03-24,264,94,358
2016-03-25,583,493,1076
2016-03-26,1238,1085,2323
2016-03-27,2012,1837,3849
2016-03-28,145,230,375
2016-03-29,739,631,1370
2016-03-30,707,474,1181
2016-03-31,261,75,336
2016-04-01,696,462,1158
2016-04-02,655,591,1246
2016-04-03,280,306,586
2016-04-04,208,366,574
2016-04-05,590,661,1251
2016-04-06,296,231,527
2016-04-07,362,322,684
2016-04-08,475,564,1039
2016-04-09,500,511,1011
2016-04-10,328,324,652
2016-04-11,238,335,573
2016-04-12,388,402,790
2016-04-13,543,452,995
2016-04-14,652,474,1126
2016-04-15,985,1018,2003
2016-04-16,2740,2410,5150
2016-04-17,4215,3590,7805
2016-04-18,1528,1380,2908
2016-04-19,883,975,1858
2016-04-20,1042,979,2021
2016-04-21,552,426,978
2016-04-22,1448,1192,2640
2016-04-23,3668,3484,7152
2016-04-24,2313,1770,4083
2016-04-25,535,320,855
2016-04-26,813,794,1607
2016-04-27,1617,1322,2939
2016-04-28,2059,816,2875
2016-04-29,1202,897,2099
2016-04-30,4443,3946,8389
2016-05-01,436,342,778
2016-05-02,898,757,1655
2016-05-03,1846,1662,3508
2016-05-04,1610,1307,2917
2016-05-05,1212,955,2167
2016-05-06,3937,3723,7660
2016-05-07,3869,3306,7175
2016-05-08,2566,2302,4868
2016-05-09,1785,1756,3541
2016-05-10,1699,1374,3073
2016-05-11,1964,1790,3754
2016-05-12,2474,2228,4702
2016-05-13,2386,2049,4435
2016-05-14,1017,901,1918
2016-05-15,973,693,1666
2016-05-16,1492,1193,2685
2016-05-17,1785,1899,3684
2016-05-18,2383,1731,4114
2016-05-19,2668,2002,4670
2016-05-20,5543,3833,9376
2016-05-21,13284,12626,25910
2016-05-22,17552,16228,33780
2016-05-23,20548,19723,40271
2016-05-24,4907,4250,9157
2016-05-25,2757,2074,4831
2016-05-26,2204,1753,3957
2016-05-27,4927,3915,8842
2016-05-28,11633,11240,22873
2016-05-29,10046,10226,20272
2016-05-30,5189,4632,9821
2016-05-31,4908,3820,8728
2016-06-01,4602,4271,8873
2016-06-02,3770,3033,6803
2016-06-03,8059,6747,14806
2016-06-04,15057,15369,30426
2016-06-05,2789,2591,5380
2016-06-06,4007,3721,7728
2016-06-07,3461,2397,5858
2016-06-08,2138,1840,3978
2016-06-09,4892,3876,8768
2016-06-10,8471,7744,16215
2016-06-11,10032,9589,19621
2016-06-12,9836,10246,20082
2016-06-13,4410,4048,8458
2016-06-14,5446,4264,9710
2016-06-15,5189,3972,9161
2016-06-16,5880,3771,9651
2016-06-17,12156,8665,20821
2016-06-18,21844,23584,45428
2016-06-19,17304,19428,36732
2016-06-20,6208,4401,10609
2016-06-21,8059,5534,13593
2016-06-22,6684,5963,12647
2016-06-23,6879,5900,12779
2016-06-24,10743,9029,19772
2016-06-25,17052,16973,34025
2016-06-26,13427,14981,28408
2016-06-27,7414,7105,14519
2016-06-28,5057,5254,10311
2016-06-29,7403,6784,14187
2016-06-30,13092,9129,22221
2016-07-01,11968,11643,23611
2016-07-02,19259,19441,38700
2016-07-03,14935,15698,30633
2016-07-04,10915,10357,21272
2016-07-05,9597,8398,17995
2016-07-06,10442,10497,20939
2016-07-07,7897,7282,15179
2016-07-08,7124,5925,13049
2016-07-09,14189,14290,28479
2016-07-10,15911,16334,32245
2016-07-11,8689,8397,17086
2016-07-12,11879,8794,20673
2016-07-13,8094,7900,15994
2016-07-14,5634,4699,10333
2016-07-15,13653,9524,23177
2016-07-16,23181,22690,45871
2016-07-17,20661,22694,43355
2016-07-18,9665,7953,17618
2016-07-19,11601,10320,21921
2016-07-20,13711,10516,24227
2016-07-21,12772,11639,24411
2016-07-22,10660,9615,20275
2016-07-23,21484,19586,41070
2016-07-24,14163,14186,28349
2016-07-25,7623,6500,14123
2016-07-26,11466,10730,22196
2016-07-27,11593,9973,21566
2016-07-28,10707,9792,20499
2016-07-29,13066,11054,24120
2016-07-30,15941,16083,32024
2016-07-31,13979,12906,26885
2016-08-01,25585,23928,49513
2016-08-02,11859,10921,22780
2016-08-03,12942,13008,25950
2016-08-04,14195,11804,25999
2016-08-05,9611,7090,16701
2016-08-06,20535,21336,41871
2016-08-07,18959,19427,38386
2016-08-08,11765,10329,22094
2016-08-09,11251,10785,22036
2016-08-10,11338,10852,22190
2016-08-11,10092,9641,19733
2016-08-12,8082,7292,15374
2016-08-13,5812,5072,10884
2016-08-14,17461,17420,34881
2016-08-15,10555,10747,21302
2016-08-16,3002,1603,4605
2016-08-17,12345,10655,23000
2016-08-18,12173,11690,23863
2016-08-19,15046,12827,27873
2016-08-20,17909,18172,36081
2016-08-21,13173,14083,27256
2016-08-22,10416,9873,20289
2016-08-23,11635,9172,20807
2016-08-24,12895,10975,23870
2016-08-25,6957,8016,14973
2016-08-26,13427,13129,26556
2016-08-27,18539,18046,36585
2016-08-28,12695,13204,25899
2016-08-29,10506,11130,21636
2016-08-30,12484,9980,22464
2016-08-31,10010,9025,19035
2016-09-01,10709,9935,20644
2016-09-02,12984,11040,24024
2016-09-03,19220,18789,38009
2016-09-04,22256,20729,42985
2016-09-05,17572,19718,37290
2016-09-06,4031,5301,9332
2016-09-07,2446,2816,5262
2016-09-08,4563,2134,6697
2016-09-09,4511,4885,9396
2016-09-10,2899,2658,5557
2016-09-11,9581,12733,22314
2016-09-12,4331,3811,8142
2016-09-13,3542,3723,7265
2016-09-14,2037,2024,4061
2016-09-15,3140,3150,6290
2016-09-16,4417,4371,8788
2016-09-17,1623,2100,3723
2016-09-18,8261,9558,17819
2016-09-19,3447,3217,6664
2016-09-20,3402,3506,6908
2016-09-21,3602,3587,7189
2016-09-22,3352,3358,6710
2016-09-23,1591,1615,3206
2016-09-24,6974,7531,14505
2016-09-25,6110,6478,12588
2016-09-26,700,832,1532
2016-09-27,3130,3421,6551
2016-09-28,1892,2133,4025
2016-09-29,537,646,1183
2016-09-30,1736,1715,3451
2016-10-01,1016,1133,2149
2016-10-02,1728,1821,3549
2016-10-03,1865,1628,3493
2016-10-04,1999,2123,4122
2016-10-05,2370,2387,4757
2016-10-06,2545,2503,5048
2016-10-07,4118,3889,8007
2016-10-08,4063,4255,8318
2016-10-09,3544,3622,7166
2016-10-10,3624,3673,7297
2016-10-11,1220,1348,2568
2016-10-12,2098,1968,4066
2016-10-13,1160,1133,2293
2016-10-14,1776,1559,3335
2016-10-15,3775,3923,7698
2016-10-16,779,777,1556
2016-10-17,547,486,1033
2016-10-18,1319,1313,2632
2016-10-19,1713,1859,3572
2016-10-20,501,349,850
2016-10-21,363,497,860
2016-10-22,1534,1623,3157
2016-10-23,1904,1946,3850
2016-10-24,1860,822,2682
2016-10-25,951,1014,1965
2016-10-26,805,884,1689
2016-10-27,254,244,498
2016-10-28,1296,1303,2599
2016-10-29,1524,1468,2992
2016-10-30,634,604,1238
2016-10-31,1189,1192,2381
2016-11-01,968,865,1833
2016-11-02,621,619,1240
2016-11-03,558,642,1200
2016-11-04,921,999,1920
2016-11-05,2058,2067,4125
2016-11-06,1774,1880,3654
2016-11-07,1021,1176,2197
2016-11-08,545,543,1088
2016-11-09,521,654,1175
2016-11-10,716,785,1501
2016-11-11,664,702,1366
2016-11-12,1317,1387,2704
2016-11-13,1483,1531,3014
2016-11-14,770,848,1618
2016-11-15,543,617,1160
2016-11-16,343,512,855
2016-11-17,755,682,1437
2016-11-18,1410,1446,2856
2016-11-19,365,352,717
2016-11-20,350,370,720
2016-11-21,347,324,671
2016-11-22,342,442,784
2016-11-23,326,490,816
2016-11-24,364,303,667
2016-11-25,463,360,823
2016-11-26,791,823,1614
2016-11-27,633,598,1231
2016-11-28,454,290,744
2016-11-29,424,391,815
2016-11-30,456,337,793
2016-12-01,422,338,760
2016-12-02,536,439,975
2016-12-03,842,872,1714
2016-12-04,416,461,877
2016-12-05,311,414,725
2016-12-06,340,361,701
2016-12-07,318,438,756
2016-12-08,370,289,659
2016-12-09,393,322,715
2016-12-10,310,292,602
2016-12-11,328,294,622
2016-12-12,212,353,565
2016-12-13,352,282,634
2016-12-14,352,268,620
2016-12-15,368,201,569
2016-12-16,417,372,789
2016-12-17,255,400,655
2016-12-18,370,434,804
2016-12-19,348,546,894
2016-12-20,373,363,736
2016-12-21,560,410,970
2016-12-22,337,542,879
2016-12-23,465,450,915
2016-12-24,475,548,1023
2016-12-25,499,550,1049
2016-12-26,294,338,632
2016-12-27,522,483,1005
2016-12-28,635,560,1195
2016-12-29,490,523,1013
2016-12-30,623,738,1361
2016-12-31,508,530,1038
2017-01-01,893,852,1745
2017-01-02,748,615,1363
2017-01-03,345,240,585
2017-01-04,333,329,662
2017-01-05,374,277,651
2017-01-06,441,438,879
2017-01-07,334,418,752
2017-01-08,365,350,715
2017-01-09,223,324,547
2017-01-10,152,261,413
2017-01-11,238,553,791
2017-01-12,203,337,540
2017-01-13,244,313,557
2017-01-14,458,475,933
2017-01-15,441,501,942
2017-01-16,378,461,839
2017-01-17,181,198,379
2017-01-18,170,208,378
2017-01-19,386,259,645
2017-01-20,312,396,708
2017-01-21,48,53,101
2017-01-22,241,279,520
2017-01-23,287,289,576
2017-01-24,320,374,694
2017-01-25,1358,292,1650
2017-01-26,376,423,799
2017-01-27,336,319,655
2017-01-28,447,335,782
2017-01-29,396,377,773
2017-01-30,398,417,815
2017-01-31,271,301,572
2017-02-01,534,308,842
2017-02-02,260,363,623
2017-02-03,295,227,522
2017-02-04,447,445,892
2017-02-05,363,377,740
2017-02-06,291,393,684
2017-02-07,186,149,335
2017-02-08,305,495,800
2017-02-09,476,384,860
2017-02-10,219,395,614
2017-02-11,574,566,1140
2017-02-12,181,195,376
2017-02-13,266,359,625
2017-02-14,341,449,790
2017-02-15,332,453,785
2017-02-16,380,484,864
2017-02-17,469,579,1048
2017-02-18,1714,1745,3459
2017-02-19,2050,1999,4049
2017-02-20,1407,1341,2748
2017-02-21,343,431,774
2017-02-22,455,476,931
2017-02-23,903,1043,1946
2017-02-24,385,464,849
2017-02-25,552,524,1076
2017-02-26,617,509,1126
2017-02-27,673,681,1354
2017-02-28,371,257,628
2017-03-01,525,530,1055
2017-03-02,466,517,983
2017-03-03,373,460,833
2017-03-04,443,547,990
2017-03-05,431,400,831
2017-03-06,333,440,773
2017-03-07,266,328,594
2017-03-08,427,549,976
2017-03-09,408,644,1052
2017-03-10,270,365,635
2017-03-11,373,439,812
2017-03-12,483,472,955
2017-03-13,255,338,593
2017-03-14,161,249,410
2017-03-15,319,295,614
2017-03-16,645,542,1187
2017-03-17,581,739,1320
2017-03-18,381,416,797
2017-03-19,752,806,1558
2017-03-20,348,411,759
2017-03-21,1079,986,2065
2017-03-22,400,405,805
2017-03-23,549,750,1299
2017-03-24,453,501,954
2017-03-25,378,496,874
2017-03-26,398,314,712
2017-03-27,369,417,786
2017-03-28,703,709,1412
2017-03-29,796,683,1479
2017-03-30,336,454,790
2017-03-31,450,345,795
2017-04-01,1199,981,2180
2017-04-02,2397,2079,4476
2017-04-03,1545,478,2023
2017-04-04,290,287,577
2017-04-05,802,736,1538
2017-04-06,277,282,559
2017-04-07,517,579,1096
2017-04-08,2787,2440,5227
2017-04-09,2581,2253,4834
2017-04-10,1560,1382,2942
2017-04-11,1097,897,1994
2017-04-12,1004,717,1721
2017-04-13,1739,1257,2996
2017-04-14,6642,5457,12099
2017-04-15,2066,2065,4131
2017-04-16,4174,4100,8274
2017-04-17,2436,2399,4835
2017-04-18,1076,1156,2232
2017-04-19,645,603,1248
2017-04-20,205,363,568
2017-04-21,935,967,1902
2017-04-22,3175,2833,6008
2017-04-23,4049,3958,8007
2017-04-24,1381,1541,2922
2017-04-25,1540,281,1821
2017-04-26,1468,1439,2907
2017-04-27,1985,2101,4086
2017-04-28,2617,2567,5184
2017-04-29,3677,3711,7388
2017-04-30,624,595,1219
2017-05-01,384,350,734
2017-05-02,1143,605,1748
2017-05-03,2834,2780,5614
2017-05-04,397,535,932
2017-05-05,250,175,425
2017-05-06,161,146,307
2017-05-07,229,206,435
2017-05-08,718,618,1336
2017-05-09,431,536,967
2017-05-10,1592,604,2196
2017-05-11,347,522,869
2017-05-12,361,354,715
2017-05-13,472,403,875
2017-05-14,334,367,701
2017-05-15,326,410,736
2017-05-16,354,414,768
2017-05-17,319,391,710
2017-05-18,204,384,588
2017-05-19,385,399,784
2017-05-20,340,362,702
2017-05-21,117,227,344
2017-05-22,149,191,340
2017-05-23,224,345,569
2017-05-24,221,380,601
2017-05-25,243,335,578
2017-05-26,247,391,638
2017-05-27,207,352,559
2017-05-28,145,168,313
2017-05-29,243,309,552
2017-05-30,229,299,528
2017-05-31,1331,252,1583
2017-06-01,331,347,678
2017-06-02,354,378,732
2017-06-03,275,311,586
2017-06-04,237,218,455
2017-06-05,93,287,380
2017-06-06,205,266,471
2017-06-07,239,329,568
2017-06-08,260,298,558
2017-06-09,228,177,405
2017-06-10,277,194,471
2017-06-11,250,249,499
2017-06-12,262,257,519
2017-06-13,240,284,524
2017-06-14,398,291,689
2017-06-15,251,234,485
2017-06-16,328,340,668
2017-06-17,293,368,661
2017-06-18,242,309,551
2017-06-19,277,314,591
2017-06-20,266,299,565
2017-06-21,291,322,613
2017-06-22,259,364,623
2017-06-23,273,303,576
2017-06-24,383,462,845
2017-06-25,268,261,529
2017-06-26,165,214,379
2017-06-27,210,215,425
2017-06-28,335,278,613
2017-06-29,320,239,559
2017-06-30,338,340,678
2017-07-01,521,381,902
2017-07-02,337,345,682
2017-07-03,487,387,874
2017-07-04,433,457,890
2017-07-05,456,490,946
2017-07-06,469,562,1031
2017-07-07,430,483,913
2017-07-08,713,670,1383
2017-07-09,353,414,767
2017-07-10,280,374,654
2017-07-11,470,640,1110
2017-07-12,370,432,802
2017-07-13,330,370,700
2017-07-14,395,477,872
2017-07-15,858,854,1712
2017-07-16,433,414,847
2017-07-17,412,470,882
2017-07-18,694,683,1377
2017-07-19,663,597,1260
2017-07-20,367,494,861
2017-07-21,747,868,1615
2017-07-22,607,575,1182
2017-07-23,427,399,826
2017-07-24,601,493,1094
2017-07-25,622,697,1319
2017-07-26,390,546,936
2017-07-27,610,508,1118
2017-07-28,1276,825,2101
2017-07-29,912,876,1788
2017-07-30,1452,1082,2534
2017-07-31,6206,5921,12127
2017-08-01,7495,7218,14713
2017-08-02,7164,6870,14034
2017-08-03,6462,6216,12678
2017-08-04,4413,3134,7547
2017-08-05,8943,9286,18229
2017-08-06,16765,17594,34359
2017-08-07,6533,6451,12984
2017-08-08,9703,9527,19230
2017-08-09,9108,9410,18518
2017-08-10,8968,9160,18128
2017-08-11,4843,4558,9401
2017-08-12,11055,10703,21758
2017-08-13,17097,17667,34764
2017-08-14,9264,8921,18185
2017-08-15,6207,5989,12196
2017-08-16,9603,9757,19360
2017-08-17,5008,4729,9737
2017-08-18,8528,7228,15756
2017-08-19,12275,12959,25234
2017-08-20,17340,18885,36225
2017-08-21,9695,8882,18577
2017-08-22,2585,2474,5059
2017-08-23,8124,8094,16218
2017-08-24,6644,6358,13002
2017-08-25,9311,9114,18425
2017-08-26,14001,14342,28343
2017-08-27,13459,13601,27060
2017-08-28,7449,7410,14859
2017-08-29,7124,7415,14539
2017-08-30,8283,8406,16689
2017-08-31,6679,6354,13033
2017-09-01,8522,7760,16282
2017-09-02,12605,13256,25861
2017-09-03,10016,10298,20314
2017-09-04,14669,15961,30630
2017-09-05,1999,1885,3884
2017-09-06,2352,2530,4882
2017-09-07,2962,1471,4433
2017-09-08,2602,2442,5044
2017-09-09,7282,6962,14244
2017-09-10,7474,9750,17224
2017-09-11,2541,2631,5172
2017-09-12,4109,3623,7732
2017-09-13,2189,2297,4486
2017-09-14,2911,3166,6077
2017-09-15,4520,3991,8511
2017-09-16,12578,13091,25669
2017-09-17,11010,12163,23173
2017-09-18,2451,2514,4965
2017-09-19,2274,2475,4749
2017-09-20,3002,3098,6100
2017-09-21,3224,3244,6468
2017-09-22,4445,3976,8421
2017-09-23,13071,13695,26766
2017-09-24,12051,12829,24880
2017-09-25,4022,4202,8224
2017-09-26,3579,3904,7483
2017-09-27,2957,2986,5943
2017-09-28,2172,2342,4514
2017-09-29,1046,870,1916
2017-09-30,4528,4727,9255
2017-10-01,5357,5609,10966
2017-10-02,1911,2201,4112
2017-10-03,2574,2914,5488
2017-10-04,1016,1210,2226
2017-10-05,2476,2781,5257
2017-10-06,2136,2209,4345
2017-10-07,3809,3932,7741
2017-10-08,5862,6214,12076
2017-10-09,3239,3362,6601
2017-10-10,2290,2566,4856
2017-10-11,612,795,1407
2017-10-12,893,1120,2013
2017-10-13,1615,1638,3253
2017-10-14,1399,1740,3139
2017-10-15,992,1055,2047
2017-10-16,1164,1314,2478
2017-10-17,1522,1675,3197
2017-10-18,1615,1810,3425
2017-10-19,1678,1994,3672
2017-10-20,2359,2468,4827
2017-10-21,4052,4133,8185
2017-10-22,4137,4359,8496
2017-10-23,984,1155,2139
2017-10-24,863,1054,1917
2017-10-25,833,1082,1915
2017-10-26,1063,1322,2385
2017-10-27,1171,1380,2551
2017-10-28,540,580,1120
2017-10-29,1159,1300,2459
2017-10-30,892,940,1832
2017-10-31,981,1214,2195
2017-11-01,579,741,1320
2017-11-02,467,638,1105
2017-11-03,1155,1335,2490
2017-11-04,829,1040,1869
2017-11-05,255,330,585
2017-11-06,550,834,1384
2017-11-07,557,823,1380
2017-11-08,900,1179,2079
2017-11-09,442,643,1085
2017-11-10,457,641,1098
2017-11-11,639,793,1432
2017-11-12,652,658,1310
2017-11-13,427,667,1094
2017-11-14,474,732,1206
2017-11-15,391,625,1016
2017-11-16,447,771,1218
2017-11-17,712,1012,1724
2017-11-18,288,439,727
2017-11-19,499,640,1139
2017-11-20,542,703,1245
2017-11-21,508,752,1260
2017-11-22,465,669,1134
2017-11-23,424,678,1102
2017-11-24,736,1026,1762
2017-11-25,711,921,1632
2017-11-26,395,512,907
2017-11-27,405,754,1159
2017-11-28,651,975,1626
2017-11-29,419,634,1053
2017-11-30,298,558,856
2017-12-01,686,583,1269
2017-12-02,669,918,1587
2017-12-03,566,689,1255
2017-12-04,376,570,946
2017-12-05,245,548,793
2017-12-06,366,636,1002
2017-12-07,414,766,1180
2017-12-08,501,626,1127
2017-12-09,266,498,764
2017-12-10,369,504,873
2017-12-11,385,507,892
2017-12-12,203,455,658
2017-12-13,250,789,1039
2017-12-14,273,550,823
2017-12-15,348,552,900
2017-12-16,288,479,767
2017-12-17,349,465,814
2017-12-18,302,506,808
2017-12-19,430,671,1101
2017-12-20,434,690,1124
2017-12-21,451,729,1180
2017-12-22,246,512,758
2017-12-23,255,418,673
2017-12-24,355,535,890
2017-12-25,369,458,827
2017-12-26,330,354,684
2017-12-27,345,479,824
2017-12-28,338,495,833
2017-12-29,328,447,775
2017-12-30,362,543,905
2017-12-31,355,441,796
2018-01-01,341,349,690
2018-01-02,48,40,88
2018-01-03,3,0,3
2018-01-05,2,0,2
2018-01-06,14,0,14
2018-01-07,425,410,835
2018-01-08,550,468,1018
2018-01-09,422,546,968
2018-01-10,390,559,949
2018-01-11,324,544,868
2018-01-12,1272,438,1710
2018-01-13,349,447,796
2018-01-14,309,425,734
2018-01-15,308,419,727
2018-01-16,319,512,831
2018-01-17,365,516,881
2018-01-18,398,546,944
2018-01-19,320,547,867
2018-01-20,604,699,1303
2018-01-21,418,493,911
2018-01-22,273,446,719
2018-01-23,273,546,819
2018-01-24,294,558,852
2018-01-25,341,558,899
2018-01-26,397,624,1021
2018-01-27,380,462,842
2018-01-28,517,599,1116
2018-01-29,292,467,759
2018-01-30,250,481,731
2018-01-31,462,481,943
2018-02-01,403,522,925
2018-02-02,373,523,896
2018-02-03,17,14,31
2018-02-04,267,305,572
2018-02-05,285,512,797
2018-02-06,282,547,829
2018-02-07,184,442,626
2018-02-08,227,515,742
2018-02-09,231,441,672
2018-02-10,264,373,637
2018-02-11,264,372,636
2018-02-12,406,591,997
2018-02-13,413,573,986
2018-02-14,400,675,1075
2018-02-15,396,575,971
2018-02-16,426,654,1080
2018-02-17,377,483,860
2018-02-18,842,903,1745
2018-02-19,250,356,606
2018-02-20,297,521,818
2018-02-21,328,573,901
2018-02-22,407,675,1082
2018-02-23,333,606,939
2018-02-24,527,712,1239
2018-02-25,516,687,1203
2018-02-26,644,769,1413
2018-02-27,695,885,1580
2018-02-28,542,623,1165
2018-03-01,472,524,996
2018-03-02,364,586,950
2018-03-03,858,969,1827
2018-03-04,681,788,1469
2018-03-05,415,644,1059
2018-03-06,322,576,898
2018-03-07,365,545,910
2018-03-08,574,672,1246
2018-03-09,376,623,999
2018-03-10,499,700,1199
2018-03-11,639,760,1399
2018-03-12,446,523,969
2018-03-13,385,747,1132
2018-03-14,416,637,1053
2018-03-15,464,700,1164
2018-03-16,419,627,1046
2018-03-17,826,986,1812
2018-03-18,867,911,1778
2018-03-19,426,679,1105
2018-03-20,354,638,992
2018-03-21,608,748,1356
2018-03-22,463,674,1137
2018-03-23,595,812,1407
2018-03-24,831,1061,1892
2018-03-25,782,871,1653
2018-03-26,746,907,1653
2018-03-27,399,517,916
2018-03-28,740,925,1665
2018-03-29,373,518,891
2018-03-30,1392,1462,2854
2018-03-31,1233,1369,2602
2018-04-01,1178,1222,2400
2018-04-02,1223,1152,2375
2018-04-03,407,545,952
2018-04-04,231,494,725
2018-04-05,572,748,1320
2018-04-06,373,570,943
2018-04-07,639,753,1392
2018-04-08,605,647,1252
2018-04-09,564,785,1349
2018-04-10,584,731,1315
2018-04-11,473,658,1131
2018-04-12,412,622,1034
2018-04-13,487,730,1217
2018-04-14,132,301,433
2018-04-15,79,134,213
2018-04-16,200,374,574
2018-04-17,596,557,1153
2018-04-18,628,871,1499
2018-04-19,1470,726,2196
2018-04-20,1029,1260,2289
2018-04-21,2153,2183,4336
2018-04-22,3001,2532,5533
2018-04-23,1826,1902,3728
2018-04-24,1021,1222,2243
2018-04-25,991,744,1735
2018-04-26,4941,1823,6764
2018-04-27,1604,2004,3608
2018-04-28,963,1115,2078
2018-04-29,2132,2110,4242
2018-04-30,2701,2708,5409
2018-05-01,3173,3206,6379
2018-05-02,2374,2510,4884
2018-05-03,954,1186,2140
2018-05-04,1271,1150,2421
2018-05-05,6757,6815,13572
2018-05-06,2336,2446,4782
2018-05-07,2255,2474,4729
2018-05-08,2944,2821,5765
2018-05-09,2334,2484,4818
2018-05-10,1660,1703,3363
2018-05-11,2240,2127,4367
2018-05-12,2642,2705,5347
2018-05-13,5964,7346,13310
2018-05-14,3122,4220,7342
2018-05-15,3218,1284,4502
2018-05-16,2598,3878,6476
2018-05-17,3565,3399,6964
2018-05-18,3153,2967,6120
2018-05-19,2157,1384,3541
2018-05-20,16404,15493,31897
2018-05-21,14288,15216,29504
2018-05-22,1452,1480,2932
2018-05-23,4760,3958,8718
2018-05-24,4350,4079,8429
2018-05-25,6021,5724,11745
2018-05-26,8786,8842,17628
2018-05-27,10700,10726,21426
2018-05-28,5661,5616,11277
2018-05-29,6567,4376,10943
2018-05-30,5199,4155,9354
2018-05-31,2937,2667,5604
2018-06-01,5138,4800,9938
2018-06-02,10889,11452,22341
2018-06-03,3217,3100,6317
2018-06-04,2798,2884,5682
2018-06-05,2993,2634,5627
2018-06-06,2985,3206,6191
2018-06-07,4803,4423,9226
2018-06-08,7469,7172,14641
2018-06-09,12464,11267,23731
2018-06-10,11868,13722,25590
2018-06-11,6550,5777,12327
2018-06-12,5959,5360,11319
2018-06-13,3013,2291,5304
2018-06-14,6998,6000,12998
2018-06-15,10043,7840,17883
2018-06-16,18968,21517,40485
2018-06-17,17039,19681,36720
2018-06-18,3966,3536,7502
2018-06-19,6464,6751,13215
2018-06-20,6522,6502,13024
2018-06-21,7497,7465,14962
2018-06-22,7259,9285,16544
2018-06-23,2891,3173,6064
2018-06-24,1951,1704,3655
2018-06-25,10138,10112,20250
2018-06-26,7433,7703,15136
2018-06-27,2062,1600,3662
2018-06-28,9031,8618,17649
2018-06-29,12991,10892,23883
2018-06-30,18679,18239,36918
2018-07-01,23729,25748,49477
2018-07-02,14001,14209,28210
2018-07-03,9051,8657,17708
2018-07-04,10400,10286,20686
2018-07-05,6808,6483,13291
2018-07-06,13062,12062,25124
2018-07-07,20136,20428,40564
2018-07-08,20798,21285,42083
2018-07-09,9335,9022,18357
2018-07-10,9843,8798,18641
2018-07-11,9145,9298,18443
2018-07-12,10181,9866,20047
2018-07-13,11450,10341,21791
2018-07-14,17059,18968,36027
2018-07-15,19747,21582,41329
2018-07-16,6564,5401,11965
2018-07-17,11301,9698,20999
2018-07-18,14454,14888,29342
2018-07-19,12483,12487,24970
2018-07-20,14767,15183,29950
2018-07-21,19778,21378,41156
2018-07-22,3175,2984,6159
2018-07-23,8730,8500,17230
2018-07-24,7255,6335,13590
2018-07-25,10891,9709,20600
2018-07-26,7758,8030,15788
2018-07-27,12554,12155,24709
2018-07-28,19143,19893,39036
2018-07-29,19038,19597,38635
2018-07-30,11879,12059,23938
2018-07-31,8708,8961,17669
2018-08-01,8326,7047,15373
2018-08-02,11833,11877,23710
2018-08-03,14118,12350,26468
2018-08-04,19702,20294,39996
2018-08-05,22634,23399,46033
2018-08-06,13756,14345,28101
2018-08-07,8399,7993,16392
2018-08-08,3493,2698,6191
2018-08-09,11658,11259,22917
2018-08-10,15271,13537,28808
2018-08-11,21792,23260,45052
2018-08-12,18081,19094,37175
2018-08-13,9828,9568,19396
2018-08-14,10448,10380,20828
2018-08-15,12191,11664,23855
2018-08-16,8038,8023,16061
2018-08-17,6492,3910,10402
2018-08-18,18663,19891,38554
2018-08-19,19084,20548,39632
2018-08-20,9666,10315,19981
2018-08-21,1819,1088,2907
2018-08-22,9231,8663,17894
2018-08-23,12357,12984,25341
2018-08-24,12339,12868,25207
2018-08-25,8790,8682,17472
2018-08-26,15468,16512,31980
2018-08-27,5666,4760,10426
2018-08-28,9002,9676,18678
2018-08-29,5992,5184,11176
2018-08-30,10458,10982,21440
2018-08-31,12109,11754,23863
2018-09-01,19722,20969,40691
2018-09-02,15353,15976,31329
2018-09-03,13441,14468,27909
2018-09-04,3953,3757,7710
2018-09-05,4343,4243,8586
2018-09-06,2861,2699,5560
2018-09-07,4735,4223,8958
2018-09-08,8857,9019,17876
2018-09-09,3907,5642,9549
2018-09-10,704,786,1490
2018-09-11,2635,2596,5231
2018-09-12,3482,3515,6997
2018-09-13,3578,3755,7333
2018-09-14,5241,4909,10150
2018-09-15,12909,13387,26296
2018-09-16,12187,12963,25150
2018-09-17,3964,3762,7726
2018-09-18,3881,4063,7944
2018-09-19,3663,3483,7146
2018-09-20,1790,2020,3810
2018-09-21,3201,3011,6212
2018-09-22,6347,6834,13181
2018-09-23,7441,7761,15202
2018-09-24,1895,2067,3962
2018-09-25,1094,1193,2287
2018-09-26,2479,2629,5108
2018-09-27,2736,2935,5671
2018-09-28,3656,3635,7291
2018-09-29,5819,6023,11842
2018-09-30,2509,2873,5382
2018-10-01,1376,1334,2710
2018-10-02,776,936,1712
2018-10-03,2146,2332,4478
2018-10-04,2521,2800,5321
2018-10-05,1833,2166,3999
2018-10-06,1741,1902,3643
2018-10-07,2147,2215,4362
2018-10-08,2321,2608,4929
2018-10-09,3716,3906,7622
2018-10-10,4030,4379,8409
2018-10-11,2100,2177,4277
2018-10-12,1751,1918,3669
2018-10-13,1917,2168,4085
2018-10-14,2982,3200,6182
2018-10-15,965,1145,2110
2018-10-16,1601,1841,3442
2018-10-17,992,1361,2353
2018-10-18,1336,1535,2871
2018-10-19,2056,2402,4458
2018-10-20,2077,2162,4239
2018-10-21,1297,1383,2680
2018-10-22,1379,1576,2955
2018-10-23,1969,1202,3171
2018-10-24,1198,1512,2710
2018-10-25,1236,1502,2738
2018-10-26,991,1272,2263
2018-10-27,791,916,1707
2018-10-28,641,744,1385
2018-10-29,626,886,1512
2018-10-30,1623,1828,3451
2018-10-31,893,1157,2050
2018-11-01,705,729,1434
2018-11-02,642,823,1465
2018-11-03,1004,1167,2171
2018-11-04,1762,1916,3678
2018-11-05,662,856,1518
2018-11-06,655,900,1555
2018-11-07,785,973,1758
2018-11-08,844,1051,1895
2018-11-09,431,837,1268
2018-11-10,796,926,1722
2018-11-11,905,982,1887
2018-11-12,790,1030,1820
2018-11-13,594,860,1454
2018-11-14,720,949,1669
2018-11-15,858,1125,1983
2018-11-16,420,581,1001
2018-11-17,518,748,1266
2018-11-18,545,690,1235
2018-11-19,720,967,1687
2018-11-20,567,897,1464
2018-11-21,527,895,1422
2018-11-22,563,817,1380
2018-11-23,721,971,1692
2018-11-24,239,353,592
2018-11-25,588,700,1288
2018-11-26,521,672,1193
2018-11-27,608,746,1354
2018-11-28,653,859,1512
2018-11-29,526,765,1291
2018-11-30,597,813,1410
2018-12-01,693,727,1420
2018-12-02,580,561,1141
2018-12-03,619,745,1364
2018-12-04,623,792,1415
2018-12-05,497,910,1407
2018-12-06,468,755,1223
2018-12-07,360,554,914
2018-12-08,453,544,997
2018-12-09,604,727,1331
2018-12-10,476,712,1188
2018-12-11,430,725,1155
2018-12-12,586,1033,1619
2018-12-13,611,850,1461
2018-12-14,503,733,1236
2018-12-15,461,606,1067
2018-12-16,511,620,1131
2018-12-17,477,736,1213
2018-12-18,550,867,1417
2018-12-19,727,976,1703
2018-12-20,767,921,1688
2018-12-21,504,826,1330
2018-12-22,532,659,1191
2018-12-23,388,563,951
2018-12-24,540,644,1184
2018-12-25,540,669,1209
2018-12-26,485,602,1087
2018-12-27,517,656,1173
2018-12-28,582,754,1336
2018-12-29,724,935,1659
2018-12-30,666,740,1406
2018-12-31,590,591,1181
2019-01-01,698,712,1410
2019-01-02,654,615,1269
2019-01-03,455,580,1035
2019-01-04,823,1009,1832
2019-01-05,703,792,1495
2019-01-06,433,562,995
2019-01-07,404,615,1019
2019-01-08,2517,786,3303
2019-01-09,518,738,1256
2019-01-10,549,727,1276
2019-01-11,503,732,1235
2019-01-12,337,441,778
2019-01-13,291,413,704
2019-01-14,414,729,1143
2019-01-15,450,713,1163
2019-01-16,500,756,1256
2019-01-17,210,498,708
2019-01-18,606,764,1370
2019-01-19,323,358,681
2019-01-20,195,276,471
2019-01-21,222,356,578
2019-01-22,560,712,1272
2019-01-23,401,664,1065
2019-01-24,497,784,1281
2019-01-25,427,821,1248
2019-01-26,398,593,991
2019-01-27,223,341,564
2019-01-28,434,599,1033
2019-01-29,199,363,562
2019-01-30,536,757,1293
2019-01-31,465,617,1082
2019-02-01,672,723,1395
2019-02-02,486,562,1048
2019-02-03,519,507,1026
2019-02-04,609,755,1364
2019-02-05,412,616,1028
2019-02-06,137,360,497
2019-02-07,515,712,1227
2019-02-08,444,802,1246
2019-02-09,381,535,916
2019-02-10,370,452,822
2019-02-11,537,743,1280
2019-02-12,45,56,101
2019-02-13,128,294,422
2019-02-14,491,757,1248
2019-02-15,314,527,841
2019-02-16,481,615,1096
2019-02-17,289,404,693
2019-02-18,439,563,1002
2019-02-19,560,796,1356
2019-02-20,473,745,1218
2019-02-21,571,762,1333
2019-02-22,612,843,1455
2019-02-23,576,681,1257
2019-02-24,102,194,296
2019-02-25,409,602,1011
2019-02-26,483,702,1185
2019-02-27,312,554,866
2019-02-28,657,768,1425
2019-03-01,669,944,1613
2019-03-02,372,399,771
2019-03-03,409,552,961
2019-03-04,483,706,1189
2019-03-05,471,660,1131
2019-03-06,508,849,1357
2019-03-07,459,746,1205
2019-03-08,593,782,1375
2019-03-09,652,837,1489
2019-03-10,271,333,604
2019-03-11,271,468,739
2019-03-12,435,645,1080
2019-03-13,307,467,774
2019-03-14,399,523,922
2019-03-15,608,666,1274
2019-03-16,418,617,1035
2019-03-17,558,638,1196
2019-03-18,384,591,975
2019-03-19,844,1019,1863
2019-03-20,721,941,1662
2019-03-21,667,1020,1687
2019-03-22,637,812,1449
2019-03-23,946,1068,2014
2019-03-24,753,898,1651
2019-03-25,645,937,1582
2019-03-26,764,983,1747
2019-03-27,796,1126,1922
2019-03-28,619,803,1422
2019-03-29,1239,1437,2676
2019-03-30,204,325,529
2019-03-31,305,404,709
2019-04-01,926,908,1834
2019-04-02,712,904,1616
2019-04-03,881,987,1868
2019-04-04,1765,1024,2789
2019-04-05,587,759,1346
2019-04-06,1562,1716,3278
2019-04-07,1083,1065,2148
2019-04-08,1131,1342,2473
2019-04-09,1324,1036,2360
2019-04-10,1953,1156,3109
2019-04-11,2516,803,3319
2019-04-12,892,1070,1962
2019-04-13,3009,3032,6041
2019-04-14,153,254,407
2019-04-15,929,1200,2129
2019-04-16,845,1122,1967
2019-04-17,1656,1995,3651
2019-04-18,1263,1527,2790
2019-04-19,604,548,1152
2019-04-20,2096,2226,4322
2019-04-21,6467,5936,12403
2019-04-22,3024,3186,6210
2019-04-23,735,1062,1797
2019-04-24,1710,1953,3663
2019-04-25,1999,2201,4200
2019-04-26,685,885,1570
2019-04-27,1450,1580,3030
2019-04-28,2769,2493,5262
2019-04-29,885,1028,1913
2019-04-30,1358,1683,3041
2019-05-01,833,987,1820
2019-05-02,1323,1366,2689
2019-05-03,1204,1660,2864
2019-05-04,1984,1999,3983
2019-05-05,5386,5399,10785
2019-05-06,1705,1889,3594
2019-05-07,1516,1412,2928
2019-05-08,1548,1704,3252
2019-05-09,2278,891,3169
2019-05-10,1672,1781,3453
2019-05-11,3740,3906,7646
2019-05-12,947,858,1805
2019-05-13,569,696,1265
2019-05-14,1279,1237,2516
2019-05-15,1849,1913,3762
2019-05-16,2089,2000,4089
2019-05-17,3218,3078,6296
2019-05-18,5386,5121,10507
2019-05-19,13409,13075,26484
2019-05-20,5259,5664,10923
2019-05-21,3886,3078,6964
2019-05-22,1981,1521,3502
2019-05-23,1690,1881,3571
2019-05-24,3308,3515,6823
2019-05-25,1340,1296,2636
2019-05-26,8497,8837,17334
2019-05-27,3637,3636,7273
2019-05-28,935,1000,1935
2019-05-29,3013,1597,4610
2019-05-30,1995,2002,3997
2019-05-31,3427,3474,6901
2019-06-01,3291,3372,6663
2019-06-02,4639,4677,9316
2019-06-03,2703,2606,5309
2019-06-04,2350,1679,4029
2019-06-05,1017,953,1970
2019-06-06,3908,3884,7792
2019-06-07,5484,5474,10958
2019-06-08,11007,11243,22250
2019-06-09,7777,7997,15774
2019-06-10,1213,770,1983
2019-06-11,4650,4442,9092
2019-06-12,5150,4521,9671
2019-06-13,1505,848,2353
2019-06-14,5514,4144,9658
2019-06-15,6636,8054,14690
2019-06-16,9641,11592,21233
2019-06-17,3532,2765,6297
2019-06-18,4551,5026,9577
2019-06-19,4689,4841,9530
2019-06-20,1891,1897,3788
2019-06-21,6971,7255,14226
2019-06-22,11963,12519,24482
2019-06-23,9763,10013,19776
2019-06-24,3580,3478,7058
2019-06-25,7389,5156,12545
2019-06-26,5734,5281,11015
2019-06-27,6903,6469,13372
2019-06-28,5665,4862,10527
2019-06-29,14613,14333,28946
2019-06-30,20324,20925,41249
2019-07-01,16795,17432,34227
2019-07-02,5628,3923,9551
2019-07-03,7878,8221,16099
2019-07-04,8756,8804,17560
2019-07-05,8462,8311,16773
2019-07-06,11368,11193,22561
2019-07-07,14973,15604,30577
2019-07-08,7941,7648,15589
2019-07-09,7580,7192,14772
2019-07-10,8730,7863,16593
2019-07-11,4028,3578,7606
2019-07-12,10566,9357,19923
2019-07-13,17027,18371,35398
2019-07-14,19162,20739,39901
2019-07-15,8541,8489,17030
2019-07-16,5742,6146,11888
2019-07-17,2759,2250,5009
2019-07-18,7824,8266,16090
2019-07-19,6448,5506,11954
2019-07-20,10412,10477,20889
2019-07-21,14246,14463,28709
2019-07-22,6937,6981,13918
2019-07-23,9059,9421,18480
2019-07-24,9810,10052,19862
2019-07-25,8525,8977,17502
2019-07-26,11738,10264,22002
2019-07-27,17389,18553,35942
2019-07-28,12215,12628,24843
2019-07-29,8405,8321,16726
2019-07-30,4734,3953,8687
2019-07-31,10445,11091,21536
2019-08-01,11935,11012,22947
2019-08-02,11736,10513,22249
2019-08-03,16587,17075,33662
2019-08-04,20944,21487,42431
2019-08-05,18166,19108,37274
2019-08-06,3298,3094,6392
2019-08-07,8604,8282,16886
2019-08-08,5975,5952,11927
2019-08-09,12675,12081,24756
2019-08-10,17193,18148,35341
2019-08-11,15415,16111,31526
2019-08-12,6316,6545,12861
2019-08-13,9697,9314,19011
2019-08-14,11234,10313,21547
2019-08-15,8863,9108,17971
2019-08-16,10259,10139,20398
2019-08-17,6985,7052,14037
2019-08-18,11356,11845,23201
2019-08-19,10772,9577,20349
2019-08-20,10845,11252,22097
2019-08-21,8652,7039,15691
2019-08-22,11201,11289,22490
2019-08-23,10557,10377,20934
2019-08-24,16574,17254,33828
2019-08-25,15885,17204,33089
2019-08-26,9090,9457,18547
2019-08-27,2198,1746,3944
2019-08-28,11352,11467,22819
2019-08-29,9643,10131,19774
2019-08-30,11501,10781,22282
2019-08-31,17304,18311,35615
2019-09-01,8199,8703,16902
2019-09-02,11995,12686,24681
2019-09-03,2964,2924,5888
2019-09-04,2407,2390,4797
2019-09-05,3614,3357,6971
2019-09-06,2958,2346,5304
2019-09-07,7993,7666,15659
2019-09-08,6400,8325,14725
2019-09-09,2937,2767,5704
2019-09-10,2399,2568,4967
2019-09-11,3769,4184,7953
2019-09-12,2296,2320,4616
2019-09-13,2400,2197,4597
2019-09-14,8087,8721,16808
2019-09-15,2035,2149,4184
2019-09-16,2202,2182,4384
2019-09-17,3418,3457,6875
2019-09-18,3450,3370,6820
2019-09-19,4669,3601,8270
2019-09-20,4232,4301,8533
2019-09-21,11879,12339,24218
2019-09-22,8162,9817,17979
2019-09-23,2253,2299,4552
2019-09-24,2854,2886,5740
2019-09-25,2738,2862,5600
2019-09-26,2118,2294,4412
2019-09-27,3108,3568,6676
2019-09-28,2493,2556,5049
2019-09-29,5217,5375,10592
2019-09-30,1883,1935,3818
2019-10-01,2616,2684,5300
2019-10-02,1919,977,2896
2019-10-03,812,1384,2196
2019-10-04,2571,2715,5286
2019-10-05,2947,3023,5970
2019-10-06,1688,1881,3569
2019-10-07,1779,1896,3675
2019-10-08,2138,2331,4469
2019-10-09,2225,2413,4638
2019-10-10,2698,2278,4976
2019-10-11,2705,2917,5622
2019-10-12,2721,2633,5354
2019-10-13,4605,4745,9350
2019-10-14,2981,3351,6332
2019-10-15,1853,2244,4097
2019-10-16,830,883,1713
2019-10-17,1086,1255,2341
2019-10-18,1960,2156,4116
2019-10-19,2752,2967,5719
2019-10-20,3196,3349,6545
2019-10-21,1469,1652,3121
2019-10-22,699,870,1569
2019-10-23,1415,1632,3047
2019-10-24,1526,1706,3232
2019-10-25,1283,1447,2730
2019-10-26,1991,2109,4100
2019-10-27,569,630,1199
2019-10-28,1609,1756,3365
2019-10-29,1162,1339,2501
2019-10-30,651,724,1375
2019-10-31,679,804,1483
2019-11-01,826,1070,1896
2019-11-02,647,769,1416
2019-11-03,1144,1267,2411
2019-11-04,795,968,1763
2019-11-05,913,1097,2010
2019-11-06,705,961,1666
2019-11-07,631,818,1449
2019-11-08,910,1146,2056
2019-11-09,678,849,1527
2019-11-10,682,871,1553
2019-11-11,452,594,1046
2019-11-12,602,767,1369
2019-11-13,540,753,1293
2019-11-14,509,826,1335
2019-11-15,417,809,1226
2019-11-16,305,527,832
2019-11-17,564,710,1274
2019-11-18,457,705,1162
2019-11-19,551,803,1354
2019-11-20,591,815,1406
2019-11-21,678,780,1458
2019-11-22,432,719,1151
2019-11-23,816,926,1742
2019-11-24,523,702,1225
2019-11-25,370,568,938
2019-11-26,763,1045,1808
2019-11-27,567,770,1337
2019-11-28,714,986,1700
2019-11-29,765,931,1696
2019-11-30,619,680,1299
2019-12-01,134,184,318
2019-12-02,535,627,1162
2019-12-03,592,961,1553
2019-12-04,456,729,1185
2019-12-05,594,787,1381
2019-12-06,380,589,969
2019-12-07,471,664,1135
2019-12-08,416,579,995
2019-12-09,447,675,1122
2019-12-10,518,706,1224
2019-12-11,632,874,1506
2019-12-12,635,856,1491
2019-12-13,616,929,1545
2019-12-14,77,297,374
2019-12-15,396,505,901
2019-12-16,568,812,1380
2019-12-17,584,798,1382
2019-12-18,524,758,1282
2019-12-19,682,759,1441
2019-12-20,553,903,1456
2019-12-21,709,767,1476
2019-12-22,655,742,1397
2019-12-23,710,869,1579
2019-12-24,422,575,997
2019-12-25,455,568,1023
2019-12-26,404,484,888
2019-12-27,742,932,1674
2019-12-28,1047,1283,2330
2019-12-29,235,325,560
2019-12-30,509,697,1206
2019-12-31,361,526,887
2020-01-01,628,642,1270
2020-01-02,791,822,1613
2020-01-03,618,706,1324
2020-01-04,519,564,1083
2020-01-05,441,523,964
2020-01-06,481,739,1220
2020-01-07,459,730,1189
2020-01-08,434,678,1112
2020-01-09,547,739,1286
2020-01-10,550,759,1309
2020-01-11,119,286,405
2020-01-12,297,415,712
2020-01-13,455,744,1199
2020-01-14,480,702,1182
2020-01-15,543,753,1296
2020-01-16,559,744,1303
2020-01-17,319,503,822
2020-01-18,172,318,490
2020-01-19,294,375,669
2020-01-20,272,496,768
2020-01-21,495,707,1202
2020-01-22,551,776,1327
2020-01-23,531,776,1307
2020-01-24,567,749,1316
2020-01-25,231,366,597
2020-01-26,295,437,732
2020-01-27,442,730,1172
2020-01-28,532,767,1299
2020-01-29,588,846,1434
2020-01-30,529,773,1302
2020-01-31,608,805,1413
2020-02-01,539,615,1154
2020-02-02,247,393,640
2020-02-03,717,879,1596
2020-02-04,569,797,1366
2020-02-05,585,826,1411
2020-02-06,260,449,709
2020-02-07,185,435,620
2020-02-08,308,499,807
2020-02-09,289,394,683
2020-02-10,614,805,1419
2020-02-11,211,503,714
2020-02-12,244,534,778
2020-02-13,493,710,1203
2020-02-14,222,448,670
2020-02-15,429,478,907
2020-02-16,523,677,1200
2020-02-17,692,835,1527
2020-02-18,584,752,1336
2020-02-19,560,823,1383
2020-02-20,407,663,1070
2020-02-21,413,650,1063
2020-02-22,664,800,1464
2020-02-23,927,1069,1996
2020-02-24,1742,925,2667
2020-02-25,617,767,1384
2020-02-26,683,719,1402
2020-02-27,666,670,1336
2020-02-28,683,740,1423
2020-02-29,397,546,943
2020-03-01,524,542,1066
2020-03-02,628,680,1308
2020-03-03,584,720,1304
2020-03-04,738,929,1667
2020-03-05,696,939,1635
2020-03-06,453,726,1179
2020-03-07,726,855,1581
2020-03-08,1395,1549,2944
2020-03-09,903,1144,2047
2020-03-10,538,732,1270
2020-03-11,571,768,1339
2020-03-12,517,811,1328
2020-03-13,462,728,1190
2020-03-14,385,531,916
2020-03-15,669,706,1375
2020-03-16,160,301,461
2020-03-17,195,268,463
2020-03-18,151,231,382
2020-03-19,127,222,349
2020-03-20,93,194,287
2020-03-21,195,200,395
2020-03-22,129,98,227
2020-03-23,105,151,256
2020-03-24,109,207,316
2020-03-25,134,157,291
2020-03-26,94,166,260
2020-03-27,108,168,276
2020-03-28,105,124,229
2020-03-29,31,76,107
2020-03-30,65,108,173
2020-03-31,76,152,228
2020-04-01,177,150,327
2020-04-02,139,159,298
2020-04-03,224,149,373
2020-04-04,170,117,287
2020-04-05,64,71,135
2020-04-06,105,126,231
2020-04-07,110,140,250
2020-04-08,101,156,257
2020-04-09,108,166,274
2020-04-10,27,47,74
2020-04-11,109,146,255
2020-04-12,12,32,44
2020-04-13,24,62,86
2020-04-14,95,143,238
2020-04-15,141,155,296
2020-04-16,156,174,330
2020-04-17,150,159,309
2020-04-18,128,136,264
2020-04-19,37,64,101
2020-04-20,161,156,317
2020-04-21,76,133,209
2020-04-22,126,191,317
2020-04-23,127,178,305
2020-04-24,139,160,299
2020-04-25,93,134,227
2020-04-26,40,54,94
2020-04-27,129,153,282
2020-04-28,115,166,281
2020-04-29,124,161,285
2020-04-30,227,151,378
2020-05-01,178,200,378
2020-05-02,168,147,315
2020-05-03,110,131,241
2020-05-04,112,138,250
2020-05-05,175,205,380
2020-05-06,172,186,358
2020-05-07,138,174,312
2020-05-08,168,231,399
2020-05-09,80,121,201
2020-05-10,71,115,186
2020-05-11,109,141,250
2020-05-12,133,187,320
2020-05-13,224,236,460
2020-05-14,214,185,399
2020-05-15,138,170,308
2020-05-16,351,232,583
2020-05-17,80,97,177
2020-05-18,51,68,119
2020-05-19,167,205,372
2020-05-20,213,255,468
2020-05-21,163,275,438
2020-05-22,299,261,560
2020-05-23,192,185,377
2020-05-24,74,105,179
2020-05-25,293,214,507
2020-05-26,191,226,417
2020-05-27,189,200,389
2020-05-28,164,245,409
2020-05-29,164,208,372
2020-05-30,211,213,424
2020-05-31,263,160,423
2020-06-01,214,222,436
2020-06-02,165,234,399
2020-06-03,143,239,382
2020-06-04,225,308,533
2020-06-05,262,275,537
2020-06-06,284,228,512
2020-06-07,158,199,357
2020-06-08,141,225,366
2020-06-09,246,276,522
2020-06-10,135,236,371
2020-06-11,243,287,530
2020-06-12,248,313,561
2020-06-13,248,259,507
2020-06-14,212,209,421
2020-06-15,176,268,444
2020-06-16,288,298,586
2020-06-17,272,319,591
2020-06-18,299,336,635
2020-06-19,305,347,652
2020-06-20,327,330,657
2020-06-21,283,269,552
2020-06-22,314,245,559
2020-06-23,281,264,545
2020-06-24,2661,345,3006
2020-06-25,1956,342,2298
2020-06-26,2339,434,2773
2020-06-27,2848,1753,4601
2020-06-28,3345,4192,7537
2020-06-29,3001,2008,5009
2020-06-30,4121,1923,6044
2020-07-01,3919,5697,9616
2020-07-02,3142,2674,5816
2020-07-03,3697,2750,6447
2020-07-04,3967,5226,9193
2020-07-05,3159,4025,7184
2020-07-06,2173,1956,4129
2020-07-07,1966,1783,3749
2020-07-08,1981,1812,3793
2020-07-09,2196,2099,4295
2020-07-10,2299,2353,4652
2020-07-11,1719,1067,2786
2020-07-12,3247,3846,7093
2020-07-13,1920,1408,3328
2020-07-14,2502,2213,4715
2020-07-15,2596,2495,5091
2020-07-16,1626,542,2168
2020-07-17,4453,3208,7661
2020-07-18,3130,5201,8331
2020-07-19,1780,1827,3607
2020-07-20,2822,2443,5265
2020-07-21,2176,2199,4375
2020-07-22,1463,623,2086
2020-07-23,2572,1824,4396
2020-07-24,4059,3239,7298
2020-07-25,4921,5923,10844
2020-07-26,3967,4995,8962
2020-07-27,1828,1002,2830
2020-07-28,2684,2587,5271
2020-07-29,2461,1649,4110
2020-07-30,3214,2566,5780
2020-07-31,4615,3710,8325
2020-08-01,3011,5137,8148
2020-08-02,1230,1213,2443
2020-08-03,1984,2083,4067
2020-08-04,1470,637,2107
2020-08-05,3200,2820,6020
2020-08-06,3476,2980,6456
2020-08-07,4282,3282,7564
2020-08-08,4641,5445,10086
2020-08-09,4146,5059,9205
2020-08-10,2588,2479,5067
2020-08-11,2237,1201,3438
2020-08-12,3624,3297,6921
2020-08-13,3716,2923,6639
2020-08-14,4841,3821,8662
2020-08-15,3170,5230,8400
2020-08-16,2021,2363,4384
2020-08-17,1846,1381,3227
2020-08-18,2934,2690,5624
2020-08-19,3326,2795,6121
2020-08-20,3531,3135,6666
2020-08-21,3720,2727,6447
2020-08-22,4493,5449,9942
2020-08-23,4524,5487,10011
2020-08-24,2942,2421,5363
2020-08-25,3288,3094,6382
2020-08-26,1936,2287,4223
2020-08-27,2127,1626,3753
2020-08-28,3131,2676,5807
2020-08-29,3933,3865,7798
2020-08-30,4610,5284,9894
2020-08-31,2861,2835,5696
2020-09-01,2693,2610,5303
2020-09-02,1881,986,2867
2020-09-03,3688,3112,6800
2020-09-04,4311,3318,7629
2020-09-05,5034,5483,10517
2020-09-06,3633,5367,9000
2020-09-07,1736,2214,3950
2020-09-08,813,583,1396
2020-09-09,1005,1073,2078
2020-09-10,1162,932,2094
2020-09-11,1868,1604,3472
2020-09-12,2554,3204,5758
2020-09-13,1639,1734,3373
2020-09-14,1100,933,2033
2020-09-15,938,840,1778
2020-09-16,1649,1900,3549
2020-09-17,1048,892,1940
2020-09-18,1257,1086,2343
2020-09-19,1878,2159,4037
2020-09-20,1673,1943,3616
2020-09-21,732,844,1576
2020-09-22,1023,922,1945
2020-09-23,1610,1657,3267
2020-09-24,1135,904,2039
2020-09-25,2123,1611,3734
2020-09-26,3162,3641,6803
2020-09-27,2345,2832,5177
2020-09-28,972,1041,2013
2020-09-29,606,650,1256
2020-09-30,436,497,933
2020-10-01,784,744,1528
2020-10-02,684,539,1223
2020-10-03,1064,1271,2335
2020-10-04,309,354,663
2020-10-05,720,782,1502
2020-10-06,741,823,1564
2020-10-07,567,553,1120
2020-10-08,732,712,1444
2020-10-09,1020,937,1957
2020-10-10,1342,1638,2980
2020-10-11,977,1092,2069
2020-10-12,751,765,1516
2020-10-13,834,903,1737
2020-10-14,725,848,1573
2020-10-15,502,475,977
2020-10-16,844,735,1579
2020-10-17,1068,1231,2299
2020-10-18,436,539,975
2020-10-19,470,500,970
2020-10-20,510,600,1110
2020-10-21,389,540,929
2020-10-22,465,524,989
2020-10-23,1084,1193,2277
2020-10-24,752,799,1551
2020-10-25,419,536,955
2020-10-26,505,538,1043
2020-10-27,389,509,898
2020-10-28,611,754,1365
2020-10-29,503,532,1035
2020-10-30,623,627,1250
2020-10-31,710,748,1458
2020-11-01,196,197,393
2020-11-02,386,475,861
2020-11-03,479,517,996
2020-11-04,717,799,1516
2020-11-05,638,665,1303
2020-11-06,1292,1047,2339
2020-11-07,1305,1368,2673
2020-11-08,880,1241,2121
2020-11-09,998,1119,2117
2020-11-10,1235,1376,2611
2020-11-11,790,955,1745
2020-11-12,541,694,1235
2020-11-13,507,645,1152
2020-11-14,631,712,1343
2020-11-15,99,105,204
2020-11-16,351,452,803
2020-11-17,481,515,996
2020-11-18,464,545,1009
2020-11-19,471,569,1040
2020-11-20,644,672,1316
2020-11-21,383,430,813
2020-11-22,71,123,194
2020-11-23,390,462,852
2020-11-24,395,492,887
2020-11-25,317,474,791
2020-11-26,522,527,1049
2020-11-27,493,541,1034
2020-11-28,425,429,854
2020-11-29,358,445,803
2020-11-30,320,418,738
2020-12-01,244,256,500
2020-12-02,392,481,873
2020-12-03,379,532,911
2020-12-04,380,474,854
2020-12-05,343,339,682
2020-12-06,273,228,501
2020-12-07,413,493,906
2020-12-08,493,507,1000
2020-12-09,419,473,892
2020-12-10,417,545,962
2020-12-11,492,589,1081
2020-12-12,113,177,290
2020-12-13,195,245,440
2020-12-14,333,480,813
2020-12-15,336,536,872
2020-12-16,307,458,765
2020-12-17,406,525,931
2020-12-18,478,577,1055
2020-12-19,230,275,505
2020-12-20,151,186,337
2020-12-21,262,302,564
2020-12-22,346,344,690
2020-12-23,367,441,808
2020-12-24,130,240,370
2020-12-25,99,138,237
2020-12-26,261,228,489
2020-12-27,267,295,562
2020-12-28,262,188,450
2020-12-29,271,360,631
2020-12-30,241,228,469
2020-12-31,288,378,666
2021-01-01,200,206,406
2021-01-02,324,347,671
2021-01-03,124,160,284
2021-01-04,217,225,442
2021-01-05,187,241,428
2021-01-06,254,266,520
2021-01-07,254,295,549
2021-01-08,240,286,526
2021-01-09,470,505,975
2021-01-10,197,293,490
2021-01-11,209,252,461
2021-01-12,158,253,411
2021-01-13,153,286,439
2021-01-14,145,225,370
2021-01-15,147,204,351
2021-01-16,211,309,520
2021-01-17,131,163,294
2021-01-18,116,202,318
2021-01-19,180,221,401
2021-01-20,138,227,365
2021-01-21,175,249,424
2021-01-22,208,241,449
2021-01-23,336,318,654
2021-01-24,189,205,394
2021-01-25,229,242,471
2021-01-26,119,176,295
2021-01-27,197,251,448
2021-01-28,158,231,389
2021-01-29,280,255,535
2021-01-30,482,522,1004
2021-01-31,193,247,440
2021-02-01,193,232,425
2021-02-02,191,267,458
2021-02-03,377,397,774
2021-02-04,224,303,527
2021-02-05,295,244,539
2021-02-06,475,471,946
2021-02-07,384,447,831
2021-02-08,205,283,488
2021-02-09,284,307,591
2021-02-10,287,326,613
2021-02-11,278,347,625
2021-02-12,354,321,675
2021-02-13,584,557,1141
2021-02-14,1080,885,1965
2021-02-15,595,680,1275
2021-02-16,235,219,454
2021-02-17,458,526,984
2021-02-18,346,407,753
2021-02-19,682,426,1108
2021-02-20,548,355,903
2021-02-23,61,62,123
2021-02-24,317,347,664
2021-02-25,467,400,867
2021-02-26,542,466,1008
2021-02-27,659,633,1292
2021-02-28,262,224,486
2021-03-01,383,301,684
2021-03-02,343,344,687
2021-03-03,482,497,979
2021-03-04,335,397,732
2021-03-05,382,401,783
2021-03-06,533,498,1031
2021-03-07,624,650,1274
2021-03-08,360,397,757
2021-03-09,539,534,1073
2021-03-10,476,567,1043
2021-03-11,488,412,900
2021-03-12,708,580,1288
2021-03-13,791,867,1658
2021-03-14,314,372,686
2021-03-15,333,362,695
2021-03-16,255,330,585
2021-03-17,438,432,870
2021-03-18,316,324,640
2021-03-19,723,459,1182
2021-03-20,1582,1809,3391
2021-03-21,1307,1461,2768
2021-03-22,546,637,1183
2021-03-23,470,515,985
2021-03-24,425,423,848
2021-03-25,639,672,1311
2021-03-26,365,353,718
2021-03-27,683,803,1486
2021-03-28,207,195,402
2021-03-29,464,406,870
2021-03-30,2186,893,3079
2021-03-31,1470,378,1848
2021-04-01,476,393,869
2021-04-02,776,862,1638
2021-04-03,766,718,1484
2021-04-04,1408,1662,3070
2021-04-05,427,541,968
2021-04-06,324,460,784
2021-04-07,434,556,990
2021-04-08,541,606,1147
2021-04-09,467,427,894
2021-04-10,1434,1691,3125
2021-04-11,144,146,290
2021-04-12,205,260,465
2021-04-13,398,429,827
2021-04-14,583,727,1310
2021-04-15,241,315,556
2021-04-16,343,419,762
2021-04-17,367,409,776
2021-04-18,397,490,887
2021-04-19,267,340,607
2021-04-20,194,300,494
2021-04-21,107,217,324
2021-04-22,222,279,501
2021-04-23,680,771,1451
2021-04-24,975,1064,2039
2021-04-25,472,531,1003
2021-04-26,286,375,661
2021-04-27,227,359,586
2021-04-28,158,271,429
2021-04-29,162,288,450
2021-04-30,264,349,613
2021-05-01,767,858,1625
2021-05-02,402,438,840
2021-05-03,239,290,529
2021-05-04,192,287,479
2021-05-05,296,388,684
2021-05-06,545,587,1132
2021-05-07,317,383,700
2021-05-08,1139,1176,2315
2021-05-09,827,871,1698
2021-05-10,362,412,774
2021-05-11,345,398,743
2021-05-12,1022,864,1886
2021-05-13,1218,1043,2261
2021-05-14,1468,1176,2644
2021-05-15,2271,2388,4659
2021-05-16,2271,2629,4900
2021-05-17,1169,939,2108
2021-05-18,1318,1261,2579
2021-05-19,1335,1271,2606
2021-05-20,1548,1058,2606
2021-05-21,2985,2413,5398
2021-05-22,3630,2382,6012
2021-05-23,5387,5865,11252
2021-05-24,4594,5898,10492
2021-05-25,1541,1532,3073
2021-05-26,951,663,1614
2021-05-27,1729,1560,3289
2021-05-28,1035,322,1357
2021-05-29,3412,3583,6995
2021-05-30,3662,4391,8053
2021-05-31,2096,1778,3874
2021-06-01,2027,1695,3722
2021-06-02,2081,1534,3615
2021-06-03,1876,628,2504
2021-06-04,5064,1859,6923
2021-06-05,5593,5810,11403
2021-06-06,2593,6392,8985
2021-06-07,2551,1891,4442
2021-06-08,1342,623,1965
2021-06-09,2683,1449,4132
2021-06-10,3296,2202,5498
2021-06-11,4157,2449,6606
2021-06-12,3338,5899,9237
2021-06-13,3317,5151,8468
2021-06-14,1286,844,2130
2021-06-15,2024,1766,3790
2021-06-16,2467,2025,4492
2021-06-17,2894,2171,5065
2021-06-18,2601,733,3334
2021-06-19,5645,6731,12376
2021-06-20,4502,6317,10819
2021-06-21,1661,1101,2762
2021-06-22,1776,1428,3204
2021-06-23,2477,2192,4669
2021-06-24,2920,2787,5707
2021-06-25,1776,1701,3477
2021-06-26,2784,2081,4865
2021-06-27,5689,6449,12138
2021-06-28,2749,2293,5042
2021-06-29,1758,1029,2787
2021-06-30,3009,1756,4765
2021-07-01,5605,5907,11512
2021-07-02,4643,2525,7168
2021-07-03,6248,7838,14086
2021-07-04,6274,7312,13586
2021-07-05,3707,3546,7253
2021-07-06,3005,2797,5802
2021-07-07,2052,1699,3751
2021-07-08,2054,717,2771
2021-07-09,4951,2277,7228
2021-07-10,5539,7968,13507
2021-07-11,2463,2952,5415
2021-07-12,2845,2255,5100
2021-07-13,3730,1824,5554
2021-07-14,5605,4036,9641
2021-07-15,4005,3648,7653
2021-07-16,4384,3167,7551
2021-07-17,3772,2670,6442
2021-07-18,5926,7713,13639
2021-07-19,4985,4735,9720
2021-07-20,5114,3244,8358
2021-07-21,6191,6367,12558
2021-07-22,5680,4830,10510
2021-07-23,7165,6779,13944
2021-07-24,6453,4914,11367
2021-07-25,8529,10831,19360
2021-07-26,5412,5831,11243
2021-07-27,3695,1719,5414
2021-07-28,7279,7278,14557
2021-07-29,4323,1632,5955
2021-07-30,8468,8425,16893
2021-07-31,7992,9986,17978
2021-08-01,8196,4502,12698
2021-08-02,10822,14311,25133
2021-08-03,6784,6235,13019
2021-08-04,8068,7278,15346
2021-08-05,8324,7892,16216
2021-08-06,7340,7077,14417
2021-08-07,7350,6436,13786
2021-08-08,9070,11348,20418
2021-08-09,5461,6062,11523
2021-08-10,2892,2021,4913
2021-08-11,4519,3602,8121
2021-08-12,7124,5282,12406
2021-08-13,7820,4319,12139
2021-08-14,10981,13318,24299
2021-08-15,10804,12923,23727
2021-08-16,6048,7350,13398
2021-08-17,4582,3504,8086
2021-08-18,5499,3968,9467
2021-08-19,7720,5513,13233
2021-08-20,8851,7965,16816
2021-08-21,10692,12990,23682
2021-08-22,8731,9833,18564
2021-08-23,6949,6446,13395
2021-08-24,8771,8965,17736
2021-08-25,4891,4086,8977
2021-08-26,6174,5038,11212
2021-08-27,8370,7803,16173
2021-08-28,9155,11917,21072
2021-08-29,6897,6353,13250
2021-08-30,6713,5363,12076
2021-08-31,7102,6621,13723
2021-09-01,7321,6331,13652
2021-09-02,7772,7098,14870
2021-09-03,9207,8130,17337
2021-09-04,12257,14603,26860
2021-09-05,12402,14016,26418
2021-09-06,8343,10896,19239
2021-09-07,4837,4995,9832
2021-09-08,1996,1979,3975
2021-09-09,1574,1170,2744
2021-09-10,2918,2689,5607
2021-09-11,5464,6598,12062
2021-09-12,2019,2338,4357
2021-09-13,1641,1684,3325
2021-09-14,1244,1244,2488
2021-09-15,1701,1355,3056
2021-09-16,2279,2001,4280
2021-09-17,3762,2893,6655
2021-09-18,6378,6999,13377
2021-09-19,5263,6124,11387
2021-09-20,2100,2269,4369
2021-09-21,1104,1238,2342
2021-09-22,561,553,1114
2021-09-23,1126,1084,2210
2021-09-24,1695,1744,3439
2021-09-25,2168,1983,4151
2021-09-26,3094,3567,6661
2021-09-27,1261,1260,2521
2021-09-28,1677,1617,3294
2021-09-29,1617,1731,3348
2021-09-30,2063,1907,3970
2021-10-01,2346,2067,4413
2021-10-02,4628,5223,9851
2021-10-03,575,691,1266
2021-10-04,671,760,1431
2021-10-05,1029,1117,2146
2021-10-06,1225,1256,2481
2021-10-07,1028,1265,2293
2021-10-08,1164,1244,2408
2021-10-09,1397,1087,2484
2021-10-10,3948,3913,7861
2021-10-11,4151,4748,8899
2021-10-12,1441,1494,2935
2021-10-13,1766,1980,3746
2021-10-14,1425,1491,2916
2021-10-15,746,909,1655
2021-10-16,1123,1169,2292
2021-10-17,1678,1795,3473
2021-10-18,1093,1139,2232
2021-10-19,1737,1845,3582
2021-10-20,1069,1269,2338
2021-10-21,609,705,1314
2021-10-22,1117,1178,2295
2021-10-23,1669,1737,3406
2021-10-24,1923,2498,4421
2021-10-25,491,551,1042
2021-10-26,537,636,1173
2021-10-27,1622,1787,3409
2021-10-28,966,1158,2124
2021-10-29,756,875,1631
2021-10-30,638,486,1124
2021-10-31,1564,1729,3293
2021-11-01,1147,1088,2235
2021-11-02,901,1014,1915
2021-11-03,780,826,1606
2021-11-04,798,827,1625
2021-11-05,1206,1227,2433
2021-11-06,1870,1906,3776
2021-11-07,2036,2206,4242
2021-11-08,1382,1455,2837
2021-11-09,781,873,1654
2021-11-10,946,1115,2061
2021-11-11,1011,1210,2221
2021-11-12,1245,1338,2583
2021-11-13,1231,1362,2593
2021-11-14,374,342,716
2021-11-15,623,772,1395
2021-11-16,649,824,1473
2021-11-17,431,619,1050
2021-11-18,504,675,1179
2021-11-19,656,814,1470
2021-11-20,732,869,1601
2021-11-21,423,483,906
2021-11-22,583,658,1241
2021-11-23,592,724,1316
2021-11-24,660,842,1502
2021-11-25,569,640,1209
2021-11-26,649,772,1421
2021-11-27,737,817,1554
2021-11-28,171,244,415
2021-11-29,479,597,1076
2021-11-30,612,605,1217
2021-12-01,671,648,1319
2021-12-02,478,642,1120
2021-12-03,588,715,1303
2021-12-04,516,711,1227
2021-12-05,245,285,530
2021-12-06,397,567,964
2021-12-07,498,655,1153
2021-12-08,422,573,995
2021-12-09,497,597,1094
2021-12-10,550,658,1208
2021-12-11,498,481,979
2021-12-12,558,690,1248
2021-12-13,548,736,1284
2021-12-14,480,699,1179
2021-12-15,606,547,1153
2021-12-16,546,637,1183
2021-12-17,439,680,1119
2021-12-18,258,318,576
2021-12-19,561,552,1113
2021-12-20,343,485,828
2021-12-21,1426,541,1967
2021-12-22,324,431,755
2021-12-23,482,461,943
2021-12-24,271,336,607
2021-12-25,449,471,920
2021-12-26,609,723,1332
2021-12-27,214,282,496
2021-12-28,680,667,1347
2021-12-29,484,576,1060
2021-12-30,640,727,1367
2021-12-31,617,715,1332
2022-01-01,471,503,974
2022-01-02,322,345,667
2022-01-03,503,532,1035
2022-01-04,412,475,887
2022-01-05,201,225,426
2022-01-06,324,358,682
2022-01-07,339,369,708
2022-01-08,477,543,1020
2022-01-09,289,313,602
2022-01-10,198,224,422
2022-01-11,159,247,406
2022-01-12,282,394,676
2022-01-13,299,379,678
2022-01-14,414,405,819
2022-01-15,439,401,840
2022-01-16,940,1068,2008
2022-01-17,90,129,219
2022-01-18,262,303,565
2022-01-19,410,541,951
2022-01-20,329,469,798
2022-01-21,506,537,1043
2022-01-22,767,813,1580
2022-01-23,645,715,1360
2022-01-24,467,474,941
2022-01-25,448,565,1013
2022-01-26,415,542,957
2022-01-27,469,521,990
2022-01-28,509,632,1141
2022-01-29,1198,1143,2341
2022-01-30,767,916,1683
2022-01-31,357,478,835
2022-02-01,605,686,1291
2022-02-02,398,490,888
2022-02-03,354,469,823
2022-02-04,446,568,1014
2022-02-05,744,810,1554
2022-02-06,883,950,1833
2022-02-07,526,636,1162
2022-02-08,405,566,971
2022-02-09,484,638,1122
2022-02-10,259,363,622
2022-02-11,2,0,2
2022-02-12,7,0,7
2022-02-13,87,87,174
2022-02-14,224,304,528
2022-02-15,469,566,1035
2022-02-16,598,647,1245
2022-02-17,281,444,725
2022-02-18,314,367,681
2022-02-19,418,435,853
2022-02-20,553,622,1175
2022-02-21,949,998,1947
2022-02-22,439,539,978
2022-02-23,562,682,1244
2022-02-24,626,726,1352
2022-02-25,487,562,1049
2022-02-26,519,630,1149
2022-02-27,339,387,726
2022-02-28,462,526,988
2022-03-01,742,685,1427
2022-03-02,581,685,1266
2022-03-03,493,693,1186
2022-03-04,667,758,1425
2022-03-05,601,683,1284
2022-03-06,1401,1476,2877
2022-03-07,311,486,797
2022-03-08,666,737,1403
2022-03-09,588,769,1357
2022-03-10,630,764,1394
2022-03-11,437,548,985
2022-03-12,455,497,952
2022-03-13,246,306,552
2022-03-14,625,679,1304
2022-03-15,395,356,751
2022-03-16,614,551,1165
2022-03-17,1421,1591,3012
2022-03-18,936,1032,1968
2022-03-19,357,470,827
2022-03-20,1442,1366,2808
2022-03-21,870,1005,1875
2022-03-22,787,824,1611
2022-03-23,405,496,901
2022-03-24,874,788,1662
2022-03-25,672,732,1404
2022-03-26,652,759,1411
2022-03-27,302,326,628
2022-03-28,451,578,1029
2022-03-29,818,881,1699
2022-03-30,465,527,992
2022-03-31,675,865,1540
2022-04-01,449,495,944
2022-04-02,1446,1602,3048
2022-04-03,569,588,1157
2022-04-04,773,911,1684
2022-04-05,767,821,1588
2022-04-06,591,680,1271
2022-04-07,814,940,1754
2022-04-08,740,859,1599
2022-04-09,701,876,1577
2022-04-10,1592,1555,3147
2022-04-11,828,933,1761
2022-04-12,1914,2068,3982
2022-04-13,782,952,1734
2022-04-14,1525,1226,2751
2022-04-15,1895,1879,3774
2022-04-16,2779,2930,5709
2022-04-17,2914,3019,5933
2022-04-18,676,780,1456
2022-04-19,693,825,1518
2022-04-20,1420,1714,3134
2022-04-21,774,901,1675
2022-04-22,2240,2313,4553
2022-04-23,1213,961,2174
2022-04-24,3862,4324,8186
2022-04-25,833,940,1773
2022-04-26,2133,1331,3464
2022-04-27,1007,1056,2063
2022-04-28,2039,1691,3730
2022-04-29,2182,2274,4456
2022-04-30,3937,4161,8098
2022-05-01,742,660,1402
2022-05-02,1348,1366,2714
2022-05-03,826,1002,1828
2022-05-04,1758,1838,3596
2022-05-05,2341,2343,4684
2022-05-06,2037,1775,3812
2022-05-07,4816,4911,9727
2022-05-08,5809,6368,12177
2022-05-09,2347,2098,4445
2022-05-10,1907,1894,3801
2022-05-11,2827,2464,5291
2022-05-12,3190,2977,6167
2022-05-13,5366,3516,8882
2022-05-14,9337,10406,19743
2022-05-15,6774,7024,13798
2022-05-16,2177,1057,3234
2022-05-17,2009,2037,4046
2022-05-18,2120,2086,4206
2022-05-19,2180,2275,4455
2022-05-20,3599,3250,6849
2022-05-21,5758,5363,11121
2022-05-22,6231,5680,11911
2022-05-23,10690,11998,22688
2022-05-24,2354,2503,4857
2022-05-25,1988,2087,4075
2022-05-26,2055,2106,4161
2022-05-27,2558,1416,3974
2022-05-28,10263,10292,20555
2022-05-29,9771,10647,20418
2022-05-30,4313,4225,8538
2022-05-31,4123,4060,8183
2022-06-01,1781,1240,3021
2022-06-02,3223,2666,5889
2022-06-03,5762,5156,10918
2022-06-04,12459,13256,25715
2022-06-05,8730,9464,18194
2022-06-06,2240,2286,4526
2022-06-07,1532,1159,2691
2022-06-08,4043,4138,8181
2022-06-09,2883,2473,5356
2022-06-10,6695,6159,12854
2022-06-11,7353,7885,15238
2022-06-12,3720,3403,7123
2022-06-13,5467,5280,10747
2022-06-14,4897,4724,9621
2022-06-15,3830,3393,7223
2022-06-16,4210,3159,7369
2022-06-17,8674,6613,15287
2022-06-18,15132,16610,31742
2022-06-19,16842,19240,36082
2022-06-20,4310,3886,8196
2022-06-21,6379,6193,12572
2022-06-22,4700,4526,9226
2022-06-23,6612,6652,13264
2022-06-24,9659,8326,17985
2022-06-25,16558,18147,34705
2022-06-26,6564,6543,13107
2022-06-27,7524,6853,14377
2022-06-28,7021,6800,13821
2022-06-29,3963,3042,7005
2022-06-30,9873,8077,17950
2022-07-01,15507,14738,30245
2022-07-02,19239,19897,39136
2022-07-03,17455,17196,34651
2022-07-04,9522,9473,18995
2022-07-05,3304,2385,5689
2022-07-06,8288,8156,16444
2022-07-07,8529,7551,16080
2022-07-08,8226,7373,15599
2022-07-09,17032,17059,34091
2022-07-10,16791,17760,34551
2022-07-11,8864,8783,17647
2022-07-12,7349,5921,13270
2022-07-13,5941,5052,10993
2022-07-14,9738,9498,19236
2022-07-15,12617,9978,22595
2022-07-16,20498,22798,43296
2022-07-17,16123,17550,33673
2022-07-18,4195,3348,7543
2022-07-19,7127,6371,13498
2022-07-20,7563,7321,14884
2022-07-21,9105,9356,18461
2022-07-22,11115,10235,21350
2022-07-23,16509,18578,35087
2022-07-24,5119,4434,9553
2022-07-25,10411,10205,20616
2022-07-26,9699,9404,19103
2022-07-27,8606,9075,17681
2022-07-28,11314,10955,22269
2022-07-29,12061,10887,22948
2022-07-30,17227,17565,34792
2022-07-31,19425,20180,39605
2022-08-01,14337,14793,29130
2022-08-02,9741,9497,19238
2022-08-03,8922,9155,18077
2022-08-04,4138,3395,7533
2022-08-05,11095,10291,21386
2022-08-06,17099,18479,35578
2022-08-07,10645,11330,21975
2022-08-08,4170,3077,7247
2022-08-09,8811,8064,16875
2022-08-10,10431,10428,20859
2022-08-11,11081,10777,21858
2022-08-12,12419,11738,24157
2022-08-13,19525,20641,40166
2022-08-14,16278,16907,33185
2022-08-15,12642,12551,25193
2022-08-16,9828,9476,19304
2022-08-17,7512,6982,14494
2022-08-18,9878,8983,18861
2022-08-19,12011,11129,23140
2022-08-20,16470,17891,34361
2022-08-21,5375,5957,11332
2022-08-22,2872,2237,5109
2022-08-23,8648,8309,16957
2022-08-24,9956,9234,19190
2022-08-25,5047,4742,9789
2022-08-26,7817,6648,14465
2022-08-27,15550,15835,31385
2022-08-28,12921,14744,27665
2022-08-29,9061,8774,17835
2022-08-30,3514,2341,5855
2022-08-31,8852,7830,16682
2022-09-01,9053,8736,17789
2022-09-02,11213,11152,22365
2022-09-03,14690,15664,30354
2022-09-04,7869,7555,15424
2022-09-05,7890,8534,16424
2022-09-06,3697,3647,7344
2022-09-07,2416,2383,4799
2022-09-08,3822,3526,7348
2022-09-09,5360,4326,9686
2022-09-10,10624,11013,21637
2022-09-11,5711,7616,13327
2022-09-12,1762,1384,3146
2022-09-13,1839,1846,3685
2022-09-14,3272,3485,6757
2022-09-15,2844,3026,5870
2022-09-16,3678,3421,7099
2022-09-17,9637,10354,19991
2022-09-18,3500,3805,7305
2022-09-19,4121,4094,8215
2022-09-20,3543,3654,7197
2022-09-21,1880,1797,3677
2022-09-22,2084,2186,4270
2022-09-23,2777,2685,5462
2022-09-24,6352,6855,13207
2022-09-25,1090,1205,2295
2022-09-26,1111,1238,2349
2022-09-27,2161,1006,3167
2022-09-28,1687,1729,3416
2022-09-29,2287,2324,4611
2022-09-30,3309,3261,6570
2022-10-01,4000,4144,8144
2022-10-02,3793,3946,7739
2022-10-03,1642,1740,3382
2022-10-04,1803,1910,3713
2022-10-05,2291,2548,4839
2022-10-06,1665,1817,3482
2022-10-07,1488,1411,2899
2022-10-08,3353,3464,6817
2022-10-09,3993,4090,8083
2022-10-10,4417,4603,9020
2022-10-11,2465,2779,5244
2022-10-12,1401,1511,2912
2022-10-13,876,927,1803
2022-10-14,1994,2037,4031
2022-10-15,2258,2256,4514
2022-10-16,2397,2539,4936
2022-10-17,928,1039,1967
2022-10-18,750,940,1690
2022-10-19,1746,1655,3401
2022-10-20,923,1008,1931
2022-10-21,1900,1850,3750
2022-10-22,4507,4703,9210
2022-10-23,4160,4441,8601
2022-10-24,2127,2332,4459
2022-10-25,1540,1796,3336
2022-10-26,875,982,1857
2022-10-27,1618,1726,3344
2022-10-28,1568,1650,3218
2022-10-29,3058,3152,6210
2022-10-30,1710,1935,3645
2022-10-31,958,1157,2115
2022-11-01,1274,1315,2589
2022-11-02,1336,1447,2783
2022-11-03,804,915,1719
2022-11-04,1501,1618,3119
2022-11-05,3320,3425,6745
2022-11-06,3330,3425,6755
2022-11-07,1184,1319,2503
2022-11-08,1009,1171,2180
2022-11-09,1050,1141,2191
2022-11-10,1732,1919,3651
2022-11-11,640,688,1328
2022-11-12,1611,1718,3329
2022-11-13,966,1017,1983
2022-11-14,824,966,1790
2022-11-15,425,577,1002
2022-11-16,446,573,1019
2022-11-17,583,756,1339
2022-11-18,565,632,1197
2022-11-19,672,804,1476
2022-11-20,417,501,918
2022-11-21,593,758,1351
2022-11-22,761,872,1633
2022-11-23,958,1032,1990
2022-11-24,616,776,1392
2022-11-25,1002,1097,2099
2022-11-26,1770,1915,3685
2022-11-27,285,341,626
2022-11-28,639,804,1443
2022-11-29,647,772,1419
2022-11-30,494,589,1083
2022-12-01,710,673,1383
2022-12-02,557,667,1224
2022-12-03,577,620,1197
2022-12-04,838,881,1719
2022-12-05,461,552,1013
2022-12-06,662,683,1345
2022-12-07,622,771,1393
2022-12-08,781,995,1776
2022-12-09,585,692,1277
2022-12-10,433,592,1025
2022-12-11,282,334,616
2022-12-12,493,642,1135
2022-12-13,562,660,1222
2022-12-14,383,513,896
2022-12-15,294,417,711
2022-12-16,487,688,1175
2022-12-17,558,673,1231
2022-12-18,497,525,1022
2022-12-19,872,806,1678
2022-12-20,647,747,1394
2022-12-21,847,962,1809
2022-12-22,499,671,1170
2022-12-23,97,79,176
2022-12-24,36,0,36
2022-12-25,411,503,914
2022-12-26,444,529,973
2022-12-27,643,768,1411
2022-12-28,712,778,1490
2022-12-29,1218,1312,2530
2022-12-30,835,843,1678
2022-12-31,469,559,1028
2023-01-01,661,731,1392
2023-01-02,1228,1155,2383
2023-01-03,327,421,748
2023-01-04,451,411,862
2023-01-05,607,637,1244
2023-01-06,551,671,1222
2023-01-07,882,981,1863
2023-01-08,481,540,1021
2023-01-09,623,744,1367
2023-01-10,472,662,1134
2023-01-11,468,603,1071
2023-01-12,443,564,1007
2023-01-13,258,400,658
2023-01-14,730,845,1575
2023-01-15,817,880,1697
2023-01-16,627,767,1394
2023-01-17,233,343,576
2023-01-18,600,775,1375
2023-01-19,395,540,935
2023-01-20,600,678,1278
2023-01-21,668,714,1382
2023-01-22,355,388,743
2023-01-23,828,952,1780
2023-01-24,553,669,1222
2023-01-25,469,688,1157
2023-01-26,300,453,753
2023-01-27,481,646,1127
2023-01-28,566,730,1296
2023-01-29,324,328,652
2023-01-30,565,674,1239
2023-01-31,442,515,957
2023-02-01,823,829,1652
2023-02-02,682,751,1433
2023-02-03,371,508,879
2023-02-04,74,111,185
2023-02-05,745,778,1523
2023-02-06,629,743,1372
2023-02-07,256,457,713
2023-02-08,721,851,1572
2023-02-09,316,492,808
2023-02-10,619,677,1296
2023-02-11,1081,1170,2251
2023-02-12,1307,1340,2647
2023-02-13,705,856,1561
2023-02-14,817,896,1713
2023-02-15,615,650,1265
2023-02-16,700,828,1528
2023-02-17,410,515,925
2023-02-18,805,926,1731
2023-02-19,1375,1451,2826
2023-02-20,1530,1626,3156
2023-02-21,672,853,1525
2023-02-22,371,553,924
2023-02-23,223,344,567
2023-02-24,722,836,1558
2023-02-25,506,532,1038
2023-02-26,849,896,1745
2023-02-27,311,506,817
2023-02-28,836,855,1691
2023-03-01,894,805,1699
2023-03-02,814,959,1773
2023-03-03,459,616,1075
2023-03-04,693,717,1410
2023-03-05,818,867,1685
2023-03-06,619,741,1360
2023-03-07,1881,646,2527
2023-03-08,906,1040,1946
2023-03-09,791,760,1551
2023-03-10,721,714,1435
2023-03-11,846,751,1597
2023-03-12,682,672,1354
2023-03-13,519,591,1110
2023-03-14,409,544,953
2023-03-15,1165,1051,2216
2023-03-16,811,891,1702
2023-03-17,471,476,947
2023-03-18,662,714,1376
2023-03-19,603,636,1239
2023-03-20,1028,1133,2161
2023-03-21,997,1157,2154
2023-03-22,746,806,1552
2023-03-23,728,704,1432
2023-03-24,1020,1124,2144
2023-03-25,374,317,691
2023-03-26,2115,2179,4294
2023-03-27,732,748,1480
2023-03-28,1018,807,1825
2023-03-29,626,612,1238
2023-03-30,921,957,1878
2023-03-31,594,454,1048
2023-04-01,1299,1279,2578
2023-04-02,1647,1711,3358
2023-04-03,1244,1278,2522
2023-04-04,626,716,1342
2023-04-05,1412,1560,2972
2023-04-06,1520,1497,3017
2023-04-07,4187,4149,8336
2023-04-08,3780,4030,7810
2023-04-09,4655,4738,9393
2023-04-10,3211,3217,6428
2023-04-11,1875,1921,3796
2023-04-12,3158,3149,6307
2023-04-13,3646,3728,7374
2023-04-14,3456,3422,6878
2023-04-15,5689,5908,11597
2023-04-16,4892,4992,9884
2023-04-17,584,817,1401
2023-04-18,777,1027,1804
2023-04-19,1150,1379,2529
2023-04-20,1250,1416,2666
2023-04-21,1806,1976,3782
2023-04-22,1199,1202,2401
2023-04-23,2511,2603,5114
2023-04-24,1220,1306,2526
2023-04-25,1528,1710,3238
2023-04-26,1980,2025,4005
2023-04-27,2974,3162,6136
2023-04-28,1452,1407,2859
2023-04-29,1005,1066,2071
2023-04-30,682,716,1398
2023-05-01,1343,1411,2754
2023-05-02,1071,1127,2198
2023-05-03,1220,1109,2329
2023-05-04,1955,1843,3798
2023-05-05,3423,3298,6721
2023-05-06,8732,9031,17763
2023-05-07,1771,1928,3699
2023-05-08,3190,2890,6080
2023-05-09,2538,2637,5175
2023-05-10,3116,2853,5969
2023-05-11,3394,3257,6651
2023-05-12,4529,4034,8563
2023-05-13,10303,10688,20991
2023-05-14,7355,7845,15200
2023-05-15,3044,2984,6028
2023-05-16,3038,2794,5832
2023-05-17,1787,1767,3554
2023-05-18,2845,2522,5367
2023-05-19,4206,3484,7690
2023-05-20,7103,5348,12451
2023-05-21,19649,19826,39475
2023-05-22,12011,12999,25010
2023-05-23,4564,4600,9164
2023-05-24,2357,2130,4487
2023-05-25,3068,3012,6080
2023-05-26,5606,4083,9689
2023-05-27,12940,13183,26123
2023-05-28,12633,13228,25861
2023-05-29,5035,4807,9842
2023-05-30,4046,3921,7967
2023-05-31,4819,4767,9586
2023-06-01,4842,4480,9322
2023-06-02,6589,5311,11900
2023-06-03,15395,13987,29382
2023-06-04,10496,11039,21535
2023-06-05,4739,4478,9217
2023-06-06,4209,3970,8179
2023-06-07,3571,4416,7987
2023-06-08,2135,2025,4160
2023-06-09,3421,2700,6121
2023-06-10,12749,13619,26368
2023-06-11,4820,5076,9896
2023-06-12,3201,2554,5755
2023-06-13,4263,3561,7824
2023-06-14,3366,2497,5863
2023-06-15,3846,3077,6923
2023-06-16,6839,4287,11126
2023-06-17,19288,21429,40717
2023-06-18,15772,18343,34115
2023-06-19,7291,6510,13801
2023-06-20,6992,7293,14285
2023-06-21,6530,6843,13373
2023-06-22,5850,6030,11880
2023-06-23,4320,4385,8705
2023-06-24,5826,5564,11390
2023-06-25,13336,13746,27082
2023-06-26,3910,3470,7380
2023-06-27,2334,1987,4321
2023-06-28,6077,5910,11987
2023-06-29,8327,8322,16649
2023-06-30,8167,7155,15322
2023-07-01,17274,18635,35909
2023-07-02,7826,7857,15683
2023-07-03,13729,13064,26793
2023-07-04,10035,9757,19792
2023-07-05,14627,14494,29121
2023-07-06,6302,5496,11798
2023-07-07,12516,10803,23319
2023-07-08,15472,16770,32242
2023-07-09,11626,12170,23796
2023-07-10,9882,9574,19456
2023-07-11,7556,6775,14331
2023-07-12,8866,9322,18188
2023-07-13,6651,5465,12116
2023-07-14,12817,11960,24777
2023-07-15,12296,14028,26324
2023-07-16,15684,17008,32692
2023-07-17,8517,7927,16444
2023-07-18,9173,8344,17517
2023-07-19,10397,11270,21667
2023-07-20,8492,7124,15616
2023-07-21,10787,9438,20225
2023-07-22,19477,20861,40338
2023-07-23,14060,15453,29513
2023-07-24,6960,6000,12960
2023-07-25,8075,7678,15753
2023-07-26,9849,10427,20276
2023-07-27,8924,8482,17406
2023-07-28,10040,9915,19955
2023-07-29,7964,7269,15233
2023-07-30,17902,18959,36861
2023-07-31,9636,8832,18468
2023-08-01,10113,10118,20231
2023-08-02,9533,9614,19147
2023-08-03,9829,8506,18335
2023-08-04,12283,11050,23333
2023-08-05,17858,18473,36331
2023-08-06,19126,20905,40031
2023-08-07,5534,5146,10680
2023-08-08,7503,6536,14039
2023-08-09,12186,12866,25052
2023-08-10,6577,5617,12194
2023-08-11,12104,12953,25057
2023-08-12,10173,9302,19475
2023-08-13,16419,17859,34278
2023-08-14,9420,9616,19036
2023-08-15,12168,10788,22956
2023-08-16,12637,12521,25158
2023-08-17,9780,9912,19692
2023-08-18,9057,7759,16816
2023-08-19,20234,21001,41235
2023-08-20,15928,17432,33360
2023-08-21,8928,8733,17661
2023-08-22,9074,9402,18476
2023-08-23,4506,3960,8466
2023-08-24,8225,7147,15372
2023-08-25,8968,8749,17717
2023-08-26,11808,11611,23419
2023-08-27,15565,16421,31986
2023-08-28,9725,9843,19568
2023-08-29,9402,9528,18930
2023-08-30,7784,7220,15004
2023-08-31,9526,9687,19213
2023-09-01,11564,10984,22548
2023-09-02,15527,15873,31400
2023-09-03,18674,19473,38147
2023-09-04,14014,15092,29106
2023-09-05,4998,4466,9464
2023-09-06,4061,4110,8171
2023-09-07,2717,2506,5223
2023-09-08,4141,3434,7575
2023-09-09,9271,9423,18694
2023-09-10,7341,9421,16762
2023-09-11,3787,3658,7445
2023-09-12,1789,1703,3492
2023-09-13,2524,2371,4895
2023-09-14,2857,3445,6302
2023-09-15,5078,4612,9690
2023-09-16,10728,11392,22120
2023-09-17,6152,6802,12954
2023-09-18,2942,2851,5793
2023-09-19,2734,2937,5671
2023-09-20,2945,2963,5908
2023-09-21,3137,3292,6429
2023-09-22,4223,4149,8372
2023-09-23,8003,8292,16295
2023-09-24,6897,7479,14376
2023-09-25,2943,3184,6127
2023-09-26,2116,2127,4243
2023-09-27,2427,2409,4836
2023-09-28,2290,2216,4506
2023-09-29,4054,3980,8034
2023-09-30,7130,7452,14582
2023-10-01,7037,7375,14412
2023-10-02,4289,4441,8730
2023-10-03,3867,4042,7909
2023-10-04,3885,4003,7888
2023-10-05,3191,3364,6555
2023-10-06,3106,2957,6063
2023-10-07,4498,4655,9153
2023-10-08,2206,2330,4536
2023-10-09,2545,2654,5199
2023-10-10,6637,6751,13388
2023-10-11,1678,1804,3482
2023-10-12,2252,2408,4660
2023-10-13,1910,2067,3977
2023-10-14,2123,2209,4332
2023-10-15,1727,1785,3512
2023-10-16,1409,1524,2933
2023-10-17,1812,1927,3739
2023-10-18,1654,1763,3417
2023-10-19,1342,1608,2950
2023-10-20,838,966,1804
2023-10-21,2088,2212,4300
2023-10-22,2319,2326,4645
2023-10-23,1653,1763,3416
2023-10-24,2079,2179,4258
2023-10-25,1609,1673,3282
2023-10-26,884,987,1871
2023-10-27,2233,2268,4501
2023-10-28,3772,3971,7743
2023-10-29,1039,1126,2165
2023-10-30,1815,1873,3688
2023-10-31,1226,1365,2591
2023-11-01,844,921,1765
2023-11-02,828,954,1782
2023-11-03,1094,1262,2356
2023-11-04,1438,1570,3008
2023-11-05,1783,1871,3654
2023-11-06,577,695,1272
2023-11-07,671,797,1468
2023-11-08,836,981,1817
2023-11-09,827,947,1774
2023-11-10,1158,1370,2528
2023-11-11,1155,1233,2388
2023-11-12,1290,1392,2682
2023-11-13,1820,1942,3762
2023-11-14,732,837,1569
2023-11-15,931,1008,1939
2023-11-16,985,1151,2136
2023-11-17,735,833,1568
2023-11-18,1683,1810,3493
2023-11-19,1077,1205,2282
2023-11-20,728,899,1627
2023-11-21,220,370,590
2023-11-22,552,764,1316
2023-11-23,676,874,1550
2023-11-24,693,899,1592
2023-11-25,1032,1179,2211
2023-11-26,549,621,1170
2023-11-27,2154,2311,4465
2023-11-28,369,510,879
2023-11-29,393,483,876
2023-11-30,1047,1072,2119
2023-12-01,471,463,934
2023-12-02,557,744,1301
2023-12-03,370,454,824
2023-12-04,465,616,1081
2023-12-05,1457,575,2032
2023-12-06,559,643,1202
2023-12-07,304,527,831
2023-12-08,551,645,1196
2023-12-09,664,854,1518
2023-12-10,472,574,1046
2023-12-11,467,545,1012
2023-12-12,2301,2489,4790
2023-12-13,345,580,925
2023-12-14,1124,1172,2296
2023-12-15,901,1021,1922
2023-12-16,695,786,1481
2023-12-17,458,571,1029
2023-12-18,363,537,900
2023-12-19,846,1014,1860
2023-12-20,607,761,1368
2023-12-21,919,930,1849
2023-12-22,618,739,1357
2023-12-23,312,444,756
2023-12-24,918,951,1869
2023-12-25,906,963,1869
2023-12-26,624,726,1350
2023-12-27,334,428,762
2023-12-28,603,719,1322
2023-12-29,773,829,1602
2023-12-30,1141,1170,2311
2023-12-31,953,1047,2000
2024-01-01,1003,940,1943
2024-01-02,739,832,1571
2024-01-03,675,773,1448
2024-01-04,806,907,1713
2024-01-05,498,597,1095
2024-01-06,478,569,1047
2024-01-07,479,494,973
2024-01-08,563,510,1073
2024-01-09,165,375,540
2024-01-10,460,473,933
2024-01-11,338,474,812
2024-01-12,929,1065,1994
2024-01-13,86,125,211
2024-01-14,199,290,489
2024-01-15,297,496,793
2024-01-16,256,414,670
2024-01-17,275,484,759
2024-01-18,314,490,804
2024-01-19,578,552,1130
2024-01-20,344,446,790
2024-01-21,732,825,1557
2024-01-22,403,526,929
2024-01-23,137,242,379
2024-01-24,324,460,784
2024-01-25,350,545,895
2024-01-26,338,517,855
2024-01-27,512,592,1104
2024-01-28,538,599,1137
2024-01-29,1173,1327,2500
2024-01-30,441,533,974
2024-01-31,548,669,1217
2024-02-01,476,466,942
2024-02-02,629,761,1390
2024-02-03,1271,1363,2634
2024-02-04,1129,1230,2359
2024-02-05,380,551,931
2024-02-06,565,647,1212
2024-02-07,571,661,1232
2024-02-08,520,649,1169
2024-02-09,892,1068,1960
2024-02-10,1541,1672,3213
2024-02-11,649,734,1383
2024-02-12,505,673,1178
2024-02-13,742,908,1650
2024-02-14,1292,1477,2769
2024-02-15,360,523,883
2024-02-16,416,538,954
2024-02-17,723,794,1517
2024-02-18,520,598,1118
2024-02-19,813,910,1723
2024-02-20,733,924,1657
2024-02-21,703,806,1509
2024-02-22,627,782,1409
2024-02-23,733,892,1625
2024-02-24,643,770,1413
2024-02-25,770,769,1539
2024-02-26,1059,1170,2229
2024-02-27,1089,1216,2305
2024-02-28,519,561,1080
2024-02-29,516,667,1183
2024-03-01,1055,1145,2200
2024-03-02,781,824,1605
2024-03-03,918,921,1839
2024-03-04,2245,1383,3628
2024-03-05,851,945,1796
2024-03-06,596,837,1433
2024-03-07,1217,1438,2655
2024-03-08,823,993,1816
2024-03-09,418,460,878
2024-03-10,509,520,1029
2024-03-11,1129,1230,2359
2024-03-12,1242,1345,2587
2024-03-13,3086,3113,6199
2024-03-14,666,769,1435
2024-03-15,945,1121,2066
2024-03-16,1183,1244,2427
2024-03-17,723,833,1556
2024-03-18,726,822,1548
2024-03-19,473,679,1152
2024-03-20,671,765,1436
2024-03-21,616,813,1429
2024-03-22,531,558,1089
2024-03-23,940,963,1903
2024-03-24,1109,1216,2325
2024-03-25,972,1176,2148
2024-03-26,729,816,1545
2024-03-27,1112,1228,2340
2024-03-28,1430,1568,2998
2024-03-29,2028,2119,4147
2024-03-30,2552,2624,5176
2024-03-31,2433,2469,4902
2024-04-01,1813,1691,3504
2024-04-02,601,722,1323
2024-04-03,442,559,1001
2024-04-04,360,553,913
2024-04-05,1017,1145,2162
2024-04-06,2681,2682,5363
2024-04-07,3290,3356,6646
2024-04-08,1195,1182,2377
2024-04-09,1203,1382,2585
2024-04-10,2047,2083,4130
2024-04-11,519,720,1239
2024-04-12,511,596,1107
2024-04-13,1522,1600,3122
2024-04-14,2231,2266,4497
2024-04-15,1911,2033,3944
2024-04-16,1721,1969,3690
2024-04-17,459,645,1104
2024-04-18,1152,1220,2372
2024-04-19,1232,1333,2565
2024-04-20,1484,1543,3027
2024-04-21,2090,2185,4275
2024-04-22,2150,2344,4494
2024-04-23,920,1088,2008
2024-04-24,1491,1610,3101
2024-04-25,1926,2029,3955
2024-04-26,2406,2590,4996
2024-04-27,1316,1313,2629
2024-04-28,2133,2225,4358
2024-04-29,1684,1871,3555
2024-04-30,1199,1179,2378
2024-05-01,2567,2496,5063
2024-05-02,3651,3645,7296
2024-05-03,1777,1576,3353
2024-05-04,5927,6020,11947
2024-05-05,1772,1867,3639
2024-05-06,3504,3389,6893
2024-05-07,3119,3078,6197
2024-05-08,2497,2610,5107
2024-05-09,1827,1850,3677
2024-05-10,2376,2317,4693
2024-05-11,3525,3483,7008
2024-05-12,5730,6140,11870
2024-05-13,1799,1727,3526
2024-05-14,1605,1693,3298
2024-05-15,2466,2270,4736
2024-05-16,3289,3265,6554
2024-05-17,3185,2092,5277
2024-05-18,11637,11046,22683
2024-05-19,16742,16516,33258
2024-05-20,14588,15707,30295
2024-05-21,3610,3674,7284
2024-05-22,2854,2647,5501
2024-05-23,4263,4030,8293
2024-05-24,6097,5291,11388
2024-05-25,4061,4304,8365
2024-05-26,12229,12607,24836
2024-05-27,2386,1976,4362
2024-05-28,2421,1738,4159
2024-05-29,4091,4195,8286
2024-05-30,3929,4051,7980
2024-05-31,5791,5052,10843
2024-06-01,10799,11468,22267
2024-06-02,3384,3511,6895
2024-06-03,4868,4526,9394
2024-06-04,4642,4510,9152
2024-06-05,3362,3838,7200
2024-06-06,4660,4075,8735
2024-06-07,3488,2664,6152
2024-06-08,9330,9781,19111
2024-06-09,4586,4495,9081
2024-06-10,4072,3640,7712
2024-06-11,4387,4039,8426
2024-06-12,5502,5653,11155
2024-06-13,6063,5324,11387
2024-06-14,8983,6311,15294
2024-06-15,14695,16967,31662
2024-06-16,11349,13461,24810
2024-06-17,7231,7425,14656
2024-06-18,5743,5791,11534
2024-06-19,11224,10965,22189
2024-06-20,4869,4853,9722
2024-06-21,6185,6029,12214
2024-06-22,6616,7082,13698
2024-06-23,7031,6783,13814
2024-06-24,8198,8144,16342
2024-06-25,5402,5539,10941
2024-06-26,5349,4688,10037
2024-06-27,7882,7621,15503
2024-06-28,8565,8895,17460
2024-06-29,4531,2768,7299
2024-06-30,15800,16089,31889
2024-07-01,17363,18440,35803
2024-07-02,8317,7710,16027
2024-07-03,7403,6386,13789
2024-07-04,10302,10047,20349
2024-07-05,10247,9572,19819
2024-07-06,15798,16344,32142
2024-07-07,15305,16073,31378
2024-07-08,8868,8920,17788
2024-07-09,6792,6740,13532
2024-07-10,2608,1447,4055
2024-07-11,8190,6719,14909
2024-07-12,16110,13571,29681
2024-07-13,19681,19539,39220
2024-07-14,12256,13490,25746
2024-07-15,4077,3603,7680
2024-07-16,3422,2190,5612
2024-07-17,9029,8495,17524
2024-07-18,10034,9334,19368
2024-07-19,11857,11378,23235
2024-07-20,16725,17790,34515
2024-07-21,12745,13850,26595
2024-07-22,9191,8956,18147
2024-07-23,8736,8938,17674
2024-07-24,4606,3646,8252
2024-07-25,10657,10723,21380
2024-07-26,11875,11820,23695
2024-07-27,16715,17727,34442
2024-07-28,14682,15256,29938
2024-07-29,9204,9465,18669
2024-07-30,5571,5010,10581
2024-07-31,9041,8994,18035
2024-08-01,8222,8022,16244
2024-08-02,7102,6402,13504
2024-08-03,12684,12525,25209
2024-08-04,16444,17485,33929
2024-08-05,14828,15098,29926
2024-08-06,4787,3406,8193
2024-08-07,12052,12020,24072
2024-08-08,8057,9112,17169
2024-08-09,5571,4201,9772
2024-08-10,15456,16951,32407
2024-08-11,8020,8010,16030
2024-08-12,8775,8182,16957
2024-08-13,9794,9319,19113
2024-08-14,10893,11299,22192
2024-08-15,10752,11149,21901
2024-08-16,8294,7946,16240
2024-08-17,5657,5785,11442
2024-08-18,5957,6522,12479
2024-08-19,5944,5712,11656
2024-08-20,7858,7496,15354
2024-08-21,9626,8749,18375
2024-08-22,9742,9509,19251
2024-08-23,10375,10283,20658
2024-08-24,15132,16320,31452
2024-08-25,13092,13474,26566
2024-08-26,9545,9665,19210
2024-08-27,9415,9137,18552
2024-08-28,6812,6766,13578
2024-08-29,9101,9211,18312
2024-08-30,9621,9501,19122
2024-08-31,13717,13731,27448
2024-09-01,16355,17097,33452
2024-09-02,10698,11322,22020
2024-09-03,3248,3275,6523
2024-09-04,3889,3466,7355
2024-09-05,4452,4518,8970
2024-09-06,1585,1255,2840
2024-09-07,9716,9137,18853
2024-09-08,5245,6853,12098
2024-09-09,2055,1750,3805
2024-09-10,3177,3164,6341
2024-09-11,3107,3258,6365
2024-09-12,4063,4127,8190
2024-09-13,4889,4295,9184
2024-09-14,9647,10430,20077
2024-09-15,8312,9022,17334
2024-09-16,4063,4029,8092
2024-09-17,2976,3091,6067
2024-09-18,3265,3307,6572
2024-09-19,3666,3883,7549
2024-09-20,4246,4289,8535
2024-09-21,6900,7105,14005
2024-09-22,6398,6964,13362
2024-09-23,1567,1675,3242
2024-09-24,950,1187,2137
2024-09-25,1796,1648,3444
2024-09-26,3637,3696,7333
2024-09-27,3812,3665,7477
2024-09-28,5640,6107,11747
2024-09-29,6036,6313,12349
2024-09-30,3844,3977,7821
2024-10-01,1810,1742,3552
2024-10-02,2275,2426,4701
2024-10-03,2987,3072,6059
2024-10-04,2721,2592,5313
2024-10-05,5802,6241,12043
2024-10-06,2610,2779,5389
2024-10-07,2124,2178,4302
2024-10-08,1819,1807,3626
2024-10-09,1449,1543,2992
2024-10-10,1990,2060,4050
2024-10-11,3468,3528,6996
2024-10-12,5040,5270,10310
2024-10-13,2153,2313,4466
2024-10-14,2561,2629,5190
2024-10-15,1541,1625,3166
2024-10-16,1450,1559,3009
2024-10-17,1989,2067,4056
2024-10-18,2471,2559,5030
2024-10-19,4428,4550,8978
2024-10-20,4067,4102,8169
2024-10-21,2915,3082,5997
2024-10-22,2722,2853,5575
2024-10-23,1600,1651,3251
2024-10-24,1540,1799,3339
2024-10-25,1217,1326,2543
2024-10-26,2570,2773,5343
2024-10-27,2176,2337,4513
2024-10-28,1210,1346,2556
2024-10-29,671,781,1452
2024-10-30,1980,2002,3982
2024-10-31,1609,1807,3416
2024-11-01,1065,1145,2210
2024-11-02,2126,2261,4387
2024-11-03,1605,1743,3348
2024-11-04,885,1016,1901
2024-11-05,1338,1570,2908
2024-11-06,1213,1409,2622
2024-11-07,1228,1358,2586
2024-11-08,1246,1352,2598
2024-11-09,2034,2164,4198
2024-11-10,440,533,973
2024-11-11,818,961,1779
2024-11-12,945,1167,2112
2024-11-13,3514,3673,7187
2024-11-14,563,675,1238
2024-11-15,806,992,1798
2024-11-16,1316,1445,2761
2024-11-17,959,997,1956
2024-11-18,1215,1392,2607
2024-11-19,544,757,1301
2024-11-20,637,839,1476
2024-11-21,480,669,1149
2024-11-22,668,791,1459
2024-11-23,911,941,1852
2024-11-24,816,854,1670
2024-11-25,694,832,1526
2024-11-26,655,782,1437
2024-11-27,716,899,1615
2024-11-28,857,967,1824
2024-11-29,688,793,1481
2024-11-30,636,714,1350
2024-12-01,492,571,1063
2024-12-02,735,763,1498
2024-12-03,584,650,1234
2024-12-04,452,560,1012
2024-12-05,607,714,1321
2024-12-06,596,682,1278
2024-12-07,523,625,1148
2024-12-08,587,686,1273
2024-12-09,366,538,904
2024-12-10,595,574,1169
2024-12-11,498,599,1097
2024-12-12,333,524,857
2024-12-13,408,646,1054
2024-12-14,505,648,1153
2024-12-15,327,417,744
2024-12-16,511,616,1127
2024-12-17,601,728,1329
2024-12-18,494,636,1130
2024-12-19,771,834,1605
2024-12-20,397,582,979
2024-12-21,532,638,1170
2024-12-22,399,517,916
2024-12-23,386,441,827
2024-12-24,510,558,1068
2024-12-25,645,730,1375
2024-12-26,645,713,1358
2024-12-27,650,807,1457
2024-12-28,1100,1237,2337
2024-12-29,255,310,565
2024-12-30,757,818,1575
2024-12-31,863,981,1844
2025-01-01,878,829,1707
2025-01-02,668,708,1376
2025-01-03,575,754,1329
2025-01-04,506,586,1092
2025-01-05,413,459,872
2025-01-06,445,581,1026
2025-01-07,381,612,993
2025-01-08,367,567,934
2025-01-09,481,595,1076
2025-01-10,501,650,1151
2025-01-11,526,592,1118
2025-01-12,385,453,838
2025-01-13,470,587,1057
2025-01-14,402,553,955
2025-01-15,272,450,722
2025-01-16,513,530,1043
2025-01-17,464,580,1044
2025-01-18,399,459,858
2025-01-19,411,485,896
2025-01-20,265,455,720
2025-01-21,502,629,1131
2025-01-22,378,546,924
2025-01-23,474,614,1088
2025-01-24,584,679,1263
2025-01-25,730,728,1458
2025-01-27,4,0,4
2025-01-28,546,545,1091
2025-01-29,482,637,1119
2025-01-30,548,661,1209
2025-01-31,489,605,1094
2025-02-01,961,1053,2014
2025-02-02,585,606,1191
2025-02-03,551,629,1180
2025-02-04,553,709,1262
2025-02-05,388,649,1037
2025-02-06,499,633,1132
2025-02-07,787,774,1561
2025-02-08,967,1052,2019
2025-02-09,791,853,1644
2025-02-10,466,659,1125
2025-02-11,575,705,1280
2025-02-12,271,466,737
2025-02-13,356,427,783
2025-02-14,463,623,1086
2025-02-15,341,460,801
2025-02-16,269,247,516
2025-02-17,665,765,1430
2025-02-18,435,604,1039
2025-02-19,510,654,1164
2025-02-20,488,661,1149
2025-02-21,766,950,1716
2025-02-22,892,1053,1945
2025-02-23,805,919,1724
2025-02-24,663,769,1432
2025-02-25,626,708,1334
2025-02-26,741,945,1686
2025-02-27,457,662,1119
2025-02-28,687,682,1369
2025-03-01,591,608,1199
2025-03-02,549,535,1084
2025-03-03,765,800,1565
2025-03-04,498,712,1210
2025-03-05,471,701,1172
2025-03-06,501,646,1147
2025-03-07,710,935,1645
2025-03-08,959,1105,2064
2025-03-09,1055,978,2033
2025-03-10,1025,1160,2185
2025-03-11,1054,1141,2195
2025-03-12,392,509,901
2025-03-13,718,838,1556
2025-03-14,1166,1244,2410
2025-03-15,1104,1205,2309
2025-03-16,543,597,1140
2025-03-17,817,974,1791
2025-03-18,1071,1098,2169
2025-03-19,1357,1518,2875
2025-03-20,481,669,1150
2025-03-21,1141,1300,2441
2025-03-22,879,973,1852
2025-03-23,974,1012,1986
2025-03-24,498,666,1164
2025-03-25,541,710,1251
2025-03-26,697,802,1499
2025-03-27,1052,1195,2247
2025-03-28,649,711,1360
2025-03-29,376,457,833
2025-03-30,232,349,581
2025-03-31,924,1057,1981
2025-04-01,1037,984,2021
2025-04-02,492,649,1141
2025-04-03,1452,1483,2935
2025-04-04,1300,1472,2772
2025-04-05,431,588,1019
2025-04-06,1477,1608,3085
2025-04-07,662,898,1560
2025-04-08,290,506,796
2025-04-09,998,1232,2230
2025-04-10,778,699,1477
2025-04-11,855,834,1689
2025-04-12,1564,1642,3206
2025-04-13,3701,3752,7453
2025-04-14,1347,1419,2766
2025-04-15,902,972,1874
2025-04-16,978,1084,2062
2025-04-17,3266,3367,6633
2025-04-18,2876,2794,5670
2025-04-19,4384,4498,8882
2025-04-20,4394,4523,8917
2025-04-21,857,886,1743
2025-04-22,2029,2162,4191
2025-04-23,2036,2176,4212
2025-04-24,2579,2721,5300
2025-04-25,1446,1505,2951
2025-04-26,2159,2181,4340
2025-04-27,5434,5510,10944
2025-04-28,2760,2817,5577
2025-04-29,1701,1750,3451
2025-04-30,1894,2058,3952
2025-05-01,1232,952,2184
2025-05-02,2825,2718,5543
2025-05-03,3215,3329,6544
2025-05-04,3060,3147,6207
2025-05-05,1492,1527,3019
2025-05-06,2323,2274,4597
2025-05-07,3072,3180,6252
2025-05-08,2203,1958,4161
2025-05-09,3663,3198,6861
2025-05-10,9274,9415,18689
2025-05-11,6388,6725,13113
2025-05-12,4932,4792,9724
2025-05-13,1539,1422,2961
2025-05-14,1553,1518,3071
2025-05-15,2920,2642,5562
2025-05-16,4978,4839,9817
2025-05-17,5904,5235,11139
2025-05-18,10923,11242,22165
2025-05-19,11486,12436,23922
2025-05-20,2604,2604,5208
2025-05-21,1113,749,1862
2025-05-22,1002,946,1948
2025-05-23,1455,1738,3193
2025-05-24,3890,4049,7939
2025-05-25,4200,4246,8446
2025-05-26,5468,4529,9997
2025-05-27,3260,3640,6900
2025-05-28,1637,1739,3376
2025-05-29,1890,2029,3919
2025-05-30,4786,3907,8693
2025-05-31,4051,4129,8180
2025-06-01,5854,6041,11895
2025-06-02,5401,4875,10276
2025-06-03,5491,5541,11032
2025-06-04,5398,5806,11204
2025-06-05,2930,2573,5503
2025-06-06,6625,5983,12608
2025-06-07,15872,16369,32241
2025-06-08,8732,9180,17912
2025-06-09,2970,2619,5589
2025-06-10,4943,4327,9270
2025-06-11,7966,7362,15328
2025-06-12,6036,5318,11354
2025-06-13,6130,4839,10969
2025-06-14,14607,15273,29880
2025-06-15,14524,16634,31158
2025-06-16,5972,5912,11884
2025-06-17,5429,5309,10738
2025-06-18,2878,2633,5511
2025-06-19,3951,3552,7503
2025-06-20,8818,8006,16824
2025-06-21,12755,12639,25394
2025-06-22,13710,14508,28218
2025-06-23,7721,7601,15322
2025-06-24,6024,5572,11596
2025-06-25,7131,8056,15187
2025-06-26,5178,4301,9479
2025-06-27,6395,4988,11383
2025-06-28,16663,16734,33397
2025-06-29,17687,18242,35929
2025-06-30,10143,8974,19117
2025-07-01,18407,18605,37012
2025-07-02,9273,8230,17503
2025-07-03,9992,9858,19850
2025-07-04,13193,12223,25416
2025-07-05,17933,18376,36309
2025-07-06,13176,13883,27059
2025-07-07,8192,6889,15081
2025-07-08,8634,8715,17349
2025-07-09,7346,6605,13951
2025-07-10,10298,9748,20046
2025-07-11,12426,10685,23111
2025-07-12,22500,24341,46841
2025-07-13,12625,13017,25642
2025-07-14,8314,7812,16126
2025-07-15,8975,8669,17644
2025-07-16,8627,8521,17148
2025-07-17,10887,9956,20843
2025-07-18,13312,12460,25772
2025-07-19,18986,20146,39132
2025-07-20,15515,16452,31967
2025-07-21,11473,10516,21989
2025-07-22,10530,10211,20741
2025-07-23,11333,11487,22820
2025-07-24,10298,10124,20422
2025-07-25,9691,9294,18985
2025-07-26,15734,16388,32122
2025-07-27,14994,15417,30411
2025-07-28,9748,9413,19161
2025-07-29,8710,8361,17071
2025-07-30,9405,8970,18375
2025-07-31,10099,9931,20030
2025-08-01,13858,12903,26761
2025-08-02,19478,19286,38764
2025-08-03,20732,21160,41892
2025-08-04,17775,18234,36009
2025-08-05,10732,9810,20542
2025-08-06,10374,9938,20312
2025-08-07,11181,11018,22199
2025-08-08,12151,11500,23651
2025-08-09,18100,19008,37108
2025-08-10,14900,15742,30642
2025-08-11,10880,9572,20452
2025-08-12,7056,6579,13635
2025-08-13,8845,8098,16943
2025-08-14,11938,11643,23581
2025-08-15,13006,12084,25090
2025-08-16,18257,18964,37221
2025-08-17,12102,13056,25158
2025-08-18,11022,11239,22261
2025-08-19,4611,4070,8681
2025-08-20,6868,5711,12579
2025-08-21,12122,12121,24243
2025-08-22,13349,13246,26595
2025-08-23,15236,15926,31162
2025-08-24,14322,15057,29379
2025-08-25,8848,7747,16595
2025-08-26,8142,7668,15810
2025-08-27,11449,12020,23469
2025-08-28,2882,2109,4991
2025-08-29,10823,10179,21002
2025-08-30,16080,16064,32144
2025-08-31,18156,19030,37186
2025-09-01,18815,19598,38413
2025-09-02,4398,4199,8597
2025-09-03,5039,5117,10156
2025-09-04,1843,1670,3513
2025-09-05,4011,3495,7506
2025-09-06,8910,8705,17615
2025-09-07,6532,8211,14743
2025-09-08,3948,3166,7114
2025-09-09,3401,3275,6676
2025-09-10,3972,3905,7877
2025-09-11,4085,4159,8244
2025-09-12,4756,4929,9685
2025-09-13,7204,7413,14617
2025-09-14,8605,9232,17837
2025-09-15,3478,3685,7163
2025-09-16,3631,4570,8201
2025-09-17,3921,3784,7705
2025-09-18,4658,4826,9484
2025-09-19,4073,3964,8037
2025-09-20,9371,9751,19122
2025-09-21,7776,8167,15943
2025-09-22,1408,1391,2799
2025-09-23,2628,2588,5216
2025-09-24,5904,5933,11837
2025-09-25,1909,1841,3750
2025-09-26,4676,4728,9404
2025-09-27,7597,7726,15323
2025-09-28,7966,8360,16326
2025-09-29,4059,4091,8150
2025-09-30,4058,4192,8250
2025-10-01,2330,2453,4783
2025-10-02,2827,2696,5523
2025-10-03,3930,3794,7724
2025-10-04,7255,7564,14819
2025-10-05,7386,7680,15066
2025-10-06,4059,4195,8254
2025-10-07,846,988,1834
2025-10-08,2084,2110,4194
2025-10-09,2032,2125,4157
2025-10-10,3071,3114,6185
2025-10-11,4089,4165,8254
2025-10-12,4985,5185,10170
2025-10-13,4296,4400,8696
2025-10-14,3145,3280,6425
2025-10-15,1977,2087,4064
2025-10-16,2141,2372,4513
2025-10-17,1365,1413,2778
2025-10-18,4104,4356,8460
2025-10-19,1149,1161,2310
2025-10-20,1877,2077,3954
2025-10-21,1451,1509,2960
2025-10-22,1355,1496,2851
2025-10-23,1168,1426,2594
2025-10-24,1772,1940,3712
2025-10-25,2431,2486,4917
2025-10-26,2649,2784,5433
2025-10-27,1548,1710,3258
2025-10-28,1189,1296,2485
2025-10-29,1595,1736,3331
2025-10-30,476,601,1077
2025-10-31,1132,1324,2456
2025-11-01,1586,1646,3232
2025-11-02,2010,2003,4013
2025-11-03,705,846,1551
2025-11-04,1431,1598,3029
2025-11-05,569,728,1297
2025-11-06,1212,1324,2536
2025-11-07,676,766,1442
2025-11-08,2111,2288,4399
2025-11-09,298,375,673
2025-11-10,669,856,1525
2025-11-11,584,732,1316
2025-11-12,624,817,1441
2025-11-13,836,1033,1869
2025-11-14,906,1004,1910
2025-11-15,541,641,1182
2025-11-16,878,968,1846
2025-11-17,662,879,1541
2025-11-18,501,648,1149
2025-11-19,934,1068,2002
2025-11-20,634,817,1451
2025-11-21,801,1001,1802
2025-11-22,1133,1273,2406
2025-11-23,812,898,1710
2025-11-24,951,1091,2042
2025-11-25,405,546,951
2025-11-26,781,869,1650
2025-11-27,543,659,1202
2025-11-28,643,831,1474
2025-11-29,775,898,1673
2025-11-30,340,393,733
2025-12-01,645,690,1335
2025-12-02,379,507,886
2025-12-03,362,526,888
2025-12-04,706,931,1637
2025-12-05,517,713,1230
2025-12-06,618,744,1362
2025-12-07,341,478,819
2025-12-08,232,355,587
2025-12-09,30,21,51
2025-12-10,195,293,488
2025-12-11,606,603,1209
2025-12-12,407,573,980
2025-12-13,546,641,1187
2025-12-14,407,496,903
2025-12-15,335,437,772
2025-12-16,412,587,999
2025-12-17,463,658,1121
2025-12-18,550,783,1333
2025-12-19,387,581,968
2025-12-20,467,594,1061
2025-12-21,513,648,1161
