Year,Month,Month_Name,Sales,Redemptions,Total_Activity,Month_Date
2015,5,May,97285,77670,174955,2015-05-01
2015,6,June,163212,117743,280955,2015-06-01
2015,7,July,328440,212928,541368,2015-07-01
2015,8,August,371106,350687,721793,2015-08-01
2015,9,September,159839,152021,311860,2015-09-01
2015,10,October,39516,39377,78893,2015-10-01
2015,11,November,17309,16752,34061,2015-11-01
2015,12,December,12913,11529,24442,2015-12-01
2016,1,January,11435,8746,20181,2016-01-01
2016,2,February,12862,9629,22491,2016-02-01
2016,3,March,16291,15631,31922,2016-03-01
2016,4,April,36254,31320,67574,2016-04-01
2016,5,May,140498,126290,266788,2016-05-01
2016,6,June,251361,230209,481570,2016-06-01
2016,7,July,392459,365416,757875,2016-07-01
2016,8,August,393254,371232,764486,2016-08-01
2016,9,September,174596,177514,352110,2016-09-01
2016,10,October,54074,53346,107420,2016-10-01
2016,11,November,22303,23035,45338,2016-11-01
2016,12,December,13041,13411,26452,2016-12-01
2017,1,January,11697,11264,22961,2017-01-01
2017,2,February,15389,16091,31480,2017-02-01
2017,3,March,14151,15547,29698,2017-03-01
2017,4,April,56490,50504,106994,2017-04-01
2017,5,May,14937,13810,28747,2017-05-01
2017,6,June,8148,8748,16896,2017-06-01
2017,7,July,23321,22784,46105,2017-07-01
2017,8,August,280128,278712,558840,2017-08-01
2017,9,September,169163,174139,343302,2017-09-01
2017,10,October,61194,67126,128320,2017-10-01
2017,11,November,16274,22723,38997,2017-11-01
2017,12,December,11454,17413,28867,2017-12-01
2018,1,January,10660,13180,23840,2018-01-01
2018,2,February,10596,15427,26023,2018-02-01
2018,3,March,18330,23699,42029,2018-03-01
2018,4,April,33215,32223,65438,2018-04-01
2018,5,May,141842,138437,280279,2018-05-01
2018,6,June,230078,228706,458784,2018-06-01
2018,7,July,393223,394291,787514,2018-07-01
2018,8,August,366704,364605,731309,2018-08-01
2018,9,September,168383,175196,343579,2018-09-01
2018,10,October,53028,58465,111493,2018-10-01
2018,11,November,20466,26598,47064,2018-11-01
2018,12,December,17064,22733,39797,2018-12-01
2019,1,January,15945,19423,35368,2019-01-01
2019,2,February,12024,16630,28654,2019-02-01
2019,3,March,17407,23196,40603,2019-03-01
2019,4,April,46969,46681,93650,2019-04-01
2019,5,May,90903,88473,179376,2019-05-01
2019,6,June,184053,181076,365129,2019-06-01
2019,7,July,304123,304074,608197,2019-07-01
2019,8,August,352812,353064,705876,2019-08-01
2019,9,September,131129,136145,267274,2019-09-01
2019,10,October,59135,62751,121886,2019-10-01
2019,11,November,19166,25232,44398,2019-11-01
2019,12,December,16059,21760,37819,2019-12-01
2020,1,January,14347,19970,34317,2020-01-01
2020,2,February,15470,19401,34871,2020-02-01
2020,3,March,11666,15183,26849,2020-03-01
2020,4,April,3434,3989,7423,2020-04-01
2020,5,May,5255,5716,10971,2020-05-01
2020,6,June,25740,17183,42923,2020-06-01
2020,7,July,88254,84942,173196,2020-07-01
2020,8,August,98839,97722,196561,2020-08-01
2020,9,September,55704,56572,112276,2020-09-01
2020,10,October,21530,23341,44871,2020-10-01
2020,11,November,16779,19009,35788,2020-11-01
2020,12,December,9588,11518,21106,2020-12-01
2021,1,January,6621,8103,14724,2021-01-01
2021,2,February,10383,10132,20515,2021-02-01
2021,3,March,19167,17269,36436,2021-03-01
2021,4,April,13745,16255,30000,2021-04-01
2021,5,May,50073,49104,99177,2021-05-01
2021,6,June,87936,80986,168922,2021-06-01
2021,7,July,158094,147422,305516,2021-07-01
2021,8,August,232700,226321,459021,2021-08-01
2021,9,September,116844,122096,238940,2021-09-01
2021,10,October,46132,49802,95934,2021-10-01
2021,11,November,24778,27744,52522,2021-11-01
2021,12,December,15895,17806,33701,2021-12-01
2022,1,January,13708,15559,29267,2022-01-01
2022,2,February,12440,14698,27138,2022-02-01
2022,3,March,20579,22913,43492,2022-03-01
2022,4,April,44088,45605,89693,2022-04-01
2022,5,May,123614,121724,245338,2022-05-01
2022,6,June,202636,197349,399985,2022-06-01
2022,7,July,354499,349082,703581,2022-07-01
2022,8,August,316646,312235,628881,2022-08-01
2022,9,September,141279,143507,284786,2022-09-01
2022,10,October,68204,72088,140292,2022-10-01
2022,11,November,31454,34883,66337,2022-11-01
2022,12,December,17512,20135,37647,2022-12-01
2023,1,January,17005,20105,37110,2023-01-01
2023,2,February,19071,21830,40901,2023-02-01
2023,3,March,25663,25189,50852,2023-03-01
2023,4,April,66415,69107,135522,2023-04-01
2023,5,May,162691,159406,322097,2023-05-01
2023,6,June,208501,204064,412565,2023-06-01
2023,7,July,343412,341157,684569,2023-07-01
2023,8,August,341973,340275,682248,2023-08-01
2023,9,September,177064,182096,359160,2023-09-01
2023,10,October,78723,82376,161099,2023-10-01
2023,11,November,28877,32761,61638,2023-11-01
2023,12,December,22078,24517,46595,2023-12-01
2024,1,January,14978,18141,33119,2024-01-01
2024,2,February,21386,24780,46166,2024-02-01
2024,3,March,34709,36937,71646,2024-03-01
2024,4,April,44706,47714,92420,2024-04-01
2024,5,May,145315,142352,287667,2024-05-01
2024,6,June,208796,206935,415731,2024-06-01
2024,7,July,327407,322173,649580,2024-07-01
2024,8,August,303325,302988,606313,2024-08-01
2024,9,September,149234,153905,303139,2024-09-01
2024,10,October,74965,78399,153364,2024-10-01
2024,11,November,31618,35691,67309,2024-11-01
2024,12,December,17124,20343,37467,2024-12-01
2025,1,January,14059,17129,31188,2025-01-01
2025,2,February,16558,19917,36475,2025-02-01
2025,3,March,23790,27205,50995,2025-03-01
2025,4,April,56079,58770,114849,2025-04-01
2025,5,May,118338,116854,235192,2025-05-01
2025,6,June,243934,239767,483701,2025-06-01
2025,7,July,370626,365303,735929,2025-07-01
2025,8,August,385275,380782,766057,2025-08-01
2025,9,September,162632,166671,329303,2025-09-01
2025,10,October,81714,85523,167237,2025-10-01
2025,11,November,25551,29496,55047,2025-11-01
2025,12,December,9118,11859,20977,2025-12-01
