Hour,Sales,Redemptions,Total_Activity,Period
0,10.797152330797738,0.06943631753462064,10.866588648332359,Off-Peak
1,6.5412967446865755,0.6004842615012107,7.141781006187786,Off-Peak
2,4.571252566735113,1.4271047227926077,5.998357289527721,Off-Peak
3,4.330546623794212,2.1588424437299034,6.489389067524115,Off-Peak
4,3.087971274685817,2.0547576301615798,5.142728904847397,Off-Peak
5,3.4130170316301705,1.3083941605839415,4.721411192214112,Off-Peak
6,8.763427734375,10.3353271484375,19.0987548828125,Off-Peak
7,10.593875236294895,8.22359168241966,18.817466918714555,Off-Peak
8,24.423788729465585,17.750606501698204,42.174395231163786,Off-Peak
9,52.45883005267535,46.781535902411974,99.24036595508733,Off-Peak
10,74.47237247517974,80.54241698048614,155.0147894556659,Peak
11,92.76125914490905,98.49546949459695,191.25672863950598,Peak
12,94.51902516767382,100.23793080549838,194.75695597317218,Peak
13,92.67002452117437,97.17880575253496,189.84883027370932,Peak
14,91.47608695652174,96.29959239130434,187.7756793478261,Peak
15,79.93972475850205,83.02487759693,162.96460235543205,Peak
16,67.43929680787787,69.6001586147644,137.03945542264228,Off-Peak
17,53.65125318321941,54.285350489210565,107.93660367242998,Off-Peak
18,40.04551383263541,40.24418205533054,80.28969588796595,Off-Peak
19,31.053964023984012,28.94174254200903,59.995706565993046,Off-Peak
20,22.909722752615902,18.0162682349347,40.925990987550605,Off-Peak
21,19.20342664092664,11.186132561132561,30.389559202059203,Off-Peak
22,16.818424343476448,7.525719049604001,24.34414339308045,Off-Peak
23,12.707657272986053,4.684315399943069,17.39197267292912,Off-Peak
